[1,["20g1ukYUVPvKWKBRznAKo+@f9941","17HVKvsSNGXK8o4M4OONwM@6c48a","24pwTaKGdEbY0aXpIMdeCd@6c48a","7dj5uJT9FMn6OrOOx83tfK@f9941","0dB3nT/TVJTpnPrGXMYtGI","17HVKvsSNGXK8o4M4OONwM@f9941","7dR3mrZOpDlbnj9LzLYr9f@f9941","fc7u4hlMFHf4yNZGemEfr5","3eQlGs9rxBjJccrYQVTocf","ec6COi4HtAU5XW/raSZDv0","54TknWPwVPqJqeCR+Y/Czo@f9941","95EkngnxZFbYuFpsqVTaFr@f9941","7dR3mrZOpDlbnj9LzLYr9f@6c48a","7dj5uJT9FMn6OrOOx83tfK@6c48a","9f2QDdIhtPiY8s+6NCQ8g1@6c48a","9f2QDdIhtPiY8s+6NCQ8g1@f9941","24pwTaKGdEbY0aXpIMdeCd@f9941"],["node","_textureSource","_spriteFrame","_parent","root","data","Layout","Name","text","renwu_sprite","bg_sprite","AudioSource","_cameraComponent","scene","csv","optionButton","TimeProgress","_target","_normalSprite","_hoverSprite","_pressedSprite","_disabledSprite","_barSprite"],["cc.SpriteFrame",["cc.Node",["_name","_layer","_id","_objFlags","_components","_children","_lpos","_prefab","_parent"],-1,9,2,5,4,1],["cc.UITransform",["node","_contentSize","_anchorPoint","__prefab"],3,1,5,5,4],["cc.Node",["_name","_layer","_components","_parent","_lpos","_children","_prefab"],1,12,1,5,2,4],["cc.Sprite",["_sizeMode","_type","node","_spriteFrame","__prefab","_color"],1,1,6,4,5],["cc.Label",["_actualFontSize","_fontSize","_lineHeight","_horizontalAlign","_overflow","_string","_enableWrapText","node","__prefab","_color"],-4,1,4,5],["cc.AudioClip",["_name","_native","_duration"],0],["cc.SceneAsset",["_name"],2],["cc.Node",["_name","_parent","_components","_lpos"],2,1,2,5],["6c9316OgcxCraSkHkG2PDs8",["node","AudioSource","AudioClip","renwu_spriteFrame","bgSpriteFrame","bg_sprite","renwu_sprite","text","Name","Layout","csv","optionButton","TimeProgress"],3,1,1,3,3,3,1,1,1,1,1,6,6,6],["cc.Canvas",["node","_cameraComponent"],3,1,1],["cc.Widget",["_alignFlags","_top","node"],1,1],["cc.Scene",["_name","_children","_prefab","_globals"],2,2,4,4],["cc.PrefabInfo",["root","asset","fileId","instance","nestedPrefabInstanceRoots","targetOverrides"],-3],["cc.PrefabInfo",["fileId","instance","targetOverrides","nestedPrefabInstanceRoots","root","asset"],-1,1,1],["cc.SceneGlobals",["ambient","shadows","_skybox","fog","octree","lightProbeInfo"],3,4,4,4,4,4,4],["cc.AmbientInfo",["_skyColorHDR","_groundAlbedoHDR"],3,5,5],["cc.ShadowsInfo",["_shadowColor","_size"],3,5,5],["cc.SkyboxInfo",[],3],["cc.FogInfo",[],3],["cc.OctreeInfo",[],3],["cc.LightProbeInfo",[],3],["cc.Camera",["_projection","_orthoHeight","_near","_visibility","node","_color"],-1,1,5],["cc.Layout",["_layoutType","_spacingY","_isAlign","node"],0,1],["cc.AudioSource",["_playOnAwake","node"],2,1],["cc.Prefab",["_name"],2],["cc.CompPrefabInfo",["fileId"],2],["cc.Button",["_transition","node","__prefab","_normalColor","_target","_normalSprite","_hoverSprite","_pressedSprite","_disabledSprite"],2,1,4,5,1,6,6,6,6],["cc.ProgressBar",["_totalLength","_progress","node","__prefab","_barSprite"],1,1,4,1],["cc.TextAsset",["_name","text"],1]],[[26,0,2],[2,0,1,1],[3,0,1,3,2,4,3],[14,0,1,2,3,4,5,5],[2,0,3,1,1],[2,0,1],[4,0,2,2],[4,1,0,2,4,3,3],[25,0,2],[6,0,1,2,4],[7,0,2],[3,0,1,5,2,3],[3,0,1,3,2,3],[3,0,1,3,2,6,4,3],[1,0,1,2,5,4,6,4],[1,0,1,8,4,6,3],[1,0,1,5,4,7,6,3],[1,0,3,1,8,4,7,4],[1,0,1,5,4,7,3],[8,0,1,2,3,2],[2,0,1,2,1],[2,0,3,1,2,1],[9,0,1,2,3,4,5,6,7,8,9,10,11,12,1],[10,0,1,1],[11,0,1,2,3],[4,0,2,5,3,2],[4,1,0,2,4,3],[12,0,1,2,3,2],[13,0,1,2,3,4,5,7],[15,0,1,2,3,4,5,1],[16,0,1,1],[17,0,1,1],[18,1],[19,1],[20,1],[21,1],[22,0,1,2,3,4,5,5],[5,0,1,2,7,4],[5,3,0,1,2,4,7,6],[5,5,0,1,6,7,8,9,5],[23,0,1,2,3,4],[24,0,1,2],[27,0,1,2,3,4,5,6,7,8,2],[28,0,1,2,3,4,3],[29,0,1,3]],[[[[9,"录音 (13)",".m4a",2.090646],-1],0,0,[],[],[]],[[{"name":"head","rect":{"x":0,"y":0,"width":128,"height":128},"offset":{"x":0,"y":0},"originalSize":{"width":128,"height":128},"rotated":false,"capInsets":[0,0,0,0],"vertices":{"rawPosition":[-64,-64,0,64,-64,0,-64,64,0,64,64,0],"indexes":[0,1,2,2,1,3],"uv":[0,128,128,128,0,0,128,0],"nuv":[0,0,1,0,0,1,1,1],"minPos":{"x":-64,"y":-64,"z":0},"maxPos":{"x":64,"y":64,"z":0}},"packable":true,"pixelsToUnit":100,"pivot":{"x":0.5,"y":0.5},"meshType":0}],[0],0,[0],[1],[1]],[[{"name":"default_progressbar","rect":{"x":0,"y":0,"width":30,"height":15},"offset":{"x":0,"y":0},"originalSize":{"width":30,"height":15},"rotated":false,"capInsets":[10,4,10,4],"vertices":{"rawPosition":[-15,-7.5,0,15,-7.5,0,-15,7.5,0,15,7.5,0],"indexes":[0,1,2,2,1,3],"uv":[0,15,30,15,0,0,30,0],"nuv":[0,0,1,0,0,1,1,1],"minPos":{"x":-15,"y":-7.5,"z":0},"maxPos":{"x":15,"y":7.5,"z":0}},"packable":true,"pixelsToUnit":100,"pivot":{"x":0.5,"y":0.5},"meshType":0}],[0],0,[0],[1],[2]],[[[10,"start"],[11,"dialog_galgame",33554432,[-10,-11,-12,-13,-14,-15],[[[5,-1],[22,-8,-7,[1],[2],[3],-6,-5,-4,-3,-2,4,5,6],-9],4,4,1]],[14,"Canvas",33554432,"beI88Z2HpFELqR4T5EMHpg",[-20,1],[[1,-16,[5,1920,1080]],[23,-18,-17],[24,45,-1.1368683772161603e-13,-19]],[1,960,540,0]],[12,"bg",33554432,1,[[[1,-21,[5,1920,1080]],-22],4,1]],[15,"SpriteSplash",33554432,1,[[1,-23,[5,1643.9479999999999,430.887]],[25,0,-24,[4,2876733303],0]],[1,0,-215.4435,0]],[2,"立绘",33554432,1,[[[1,-25,[5,378,432]],-26],4,1],[1,614.031,41.216999999999985,0]],[2,"name",33554432,1,[[[1,-27,[5,211.28,126]],-28],4,1],[1,-633.953,-80.168,0]],[2,"text",33554432,1,[[[20,-29,[5,1479.185578125,100.8],[0,0.5,1]],-30],4,1],[1,0,-157.24099999999999,0]],[2,"Layout",33554432,1,[[[5,-31],-32],4,1],[1,0,189.675,0]],[27,"start",[2],[28,null,null,"3cbe16e1-145f-427e-88cd-e637e63d106c",null,null,[]],[29,[30,[2,0,0,0,0.520833125],[2,0,0,0,0]],[31,[4,4283190348],[0,512,512]],[32],[33],[34],[35]]],[19,"Camera",2,[-33],[1,0,0,1000]],[36,0,687.6489028213166,0,1108344832,10,[4,4278190080]],[6,0,3],[6,0,5],[37,100,100,100,6],[38,0,80,80,80,3,7],[40,2,20,true,8],[41,false,1]],0,[0,0,1,0,6,16,0,7,14,0,8,15,0,9,13,0,10,12,0,11,17,0,0,1,0,-3,17,0,-1,3,0,-2,4,0,-3,5,0,-4,6,0,-5,7,0,-6,8,0,0,2,0,12,11,0,0,2,0,0,2,0,-1,10,0,0,3,0,-2,12,0,0,4,0,0,4,0,0,5,0,-2,13,0,0,6,0,-2,14,0,0,7,0,-2,15,0,0,8,0,-2,16,0,-1,11,0,13,9,1,3,2,2,3,9,33],[0,0,0,0,0,0,0],[2,-1,-1,-1,14,15,16],[3,4,5,6,7,8,9]],[[[8,"optionButton"],[16,"optionButton",33554432,[-6],[[4,-2,[0,"34q+b3MtdFc7QugARfLSpp"],[5,594.4100000000001,50]],[7,1,0,-3,[0,"33K6CypeRIS4h1xpyrGL8y"],0],[42,2,-5,[0,"10zualNYBJqLi4aTzVV7zD"],[4,4292269782],-4,1,2,3,4]],[3,"85aM7xjkRF6qWpZ2hj8fR+",null,null,null,-1,0],[1,-1.1368683772161603e-13,19.999999999999943,0]],[17,"Label",512,33554432,1,[[4,-7,[0,"897aHEsWNJEICGr4wv1glH"],[5,55.61,50.4]],[39,"button",20,20,false,-8,[0,"43E1ayu7xL+Ie/bmQTd+lZ"],[4,4278190080]]],[3,"3dGPEZr5JLrI9yHdnkdb2V",null,null,null,1,0]]],0,[0,4,1,0,0,1,0,0,1,0,17,1,0,0,1,0,-1,2,0,0,2,0,0,2,0,5,1,8],[0,0,0,0,0],[2,18,19,20,21],[0,0,0,10,11]],[[{"name":"Map","rect":{"x":0,"y":0,"width":242,"height":180},"offset":{"x":0,"y":0},"originalSize":{"width":242,"height":180},"rotated":false,"capInsets":[0,0,0,0],"vertices":{"rawPosition":[-121,-90,0,121,-90,0,-121,90,0,121,90,0],"indexes":[0,1,2,2,1,3],"uv":[0,180,242,180,0,0,242,0],"nuv":[0,0,1,0,0,1,1,1],"minPos":{"x":-121,"y":-90,"z":0},"maxPos":{"x":121,"y":90,"z":0}},"packable":true,"pixelsToUnit":100,"pivot":{"x":0.5,"y":0.5},"meshType":0}],[0],0,[0],[1],[12]],[[{"name":"default_sprite_splash","rect":{"x":0,"y":0,"width":2,"height":2},"offset":{"x":0,"y":0},"originalSize":{"width":2,"height":2},"rotated":false,"capInsets":[0,0,0,0],"vertices":{"rawPosition":[-1,-1,0,1,-1,0,-1,1,0,1,1,0],"indexes":[0,1,2,2,1,3],"uv":[0,2,2,2,0,0,2,0],"nuv":[0,0,1,0,0,1,1,1],"minPos":{"x":-1,"y":-1,"z":0},"maxPos":{"x":1,"y":1,"z":0}},"packable":true,"pixelsToUnit":100,"pivot":{"x":0.5,"y":0.5},"meshType":0}],[0],0,[0],[1],[13]],[[{"name":"default_progressbar_bg","rect":{"x":0,"y":0,"width":60,"height":15},"offset":{"x":0,"y":0},"originalSize":{"width":60,"height":15},"rotated":false,"capInsets":[10,4,10,4],"vertices":{"rawPosition":[-30,-7.5,0,30,-7.5,0,-30,7.5,0,30,7.5,0],"indexes":[0,1,2,2,1,3],"uv":[0,15,60,15,0,0,60,0],"nuv":[0,0,1,0,0,1,1,1],"minPos":{"x":-30,"y":-7.5,"z":0},"maxPos":{"x":30,"y":7.5,"z":0}},"packable":true,"pixelsToUnit":100,"pivot":{"x":0.5,"y":0.5},"meshType":0}],[0],0,[0],[1],[14]],[[[8,"ProgressBar"],[18,"ProgressBar",33554432,[-6],[[4,-2,[0,"82K5f7URRGLbIB0QyqwYEF"],[5,300,15]],[7,1,0,-3,[0,"4antU1NthJCaoDR1zE7/fb"],0],[43,300,0.5,-5,[0,"16P7l0Z05BC6mcewdTniXG"],-4]],[3,"97XBAJ9y9EbK3Y1wHHGpF1",null,null,null,-1,0]],[13,"Bar",33554432,1,[[[21,-7,[0,"b0+ye/HYhJQ7vB1s0g72Is"],[5,150,15],[0,0,0.5]],-8],4,1],[3,"3d7ep/V9NE2rtWxiWaE7Gz",null,null,null,1,0],[1,-150,0,0]],[26,1,0,2,[0,"f3O1AsqttMJ4DDmaWnaUPZ"]]],0,[0,4,1,0,0,1,0,0,1,0,22,3,0,0,1,0,-1,2,0,0,2,0,-2,3,0,5,1,8],[0,3],[2,2],[15,16]],[[[44,"测试对话","编号,ID,人物,对话,跳转,事件,条件\r\n#,0,我,你好,1,,\r\n&,1,,介绍一下这个rpg源码,3,,\r\n&,2,,为什么要制作这个？,6,,\r\n#,3,我,这个对话起初是从unity的教程制作出来的,4,,\r\n#,4,我,然后我把它改成这样,5,,\r\n#,5,,,,,\r\n#,6,我,为了造福游戏开发者！,7,,\r\n#,7,我,就这么简单！,8,,\r\n#,8,,,,,\r\n"]],0,0,[],[],[]]]]
