[1,["7dj5uJT9FMn6OrOOx83tfK@f9941","3euEDeStRNUaetZpbEBTbH","57UgcWSMhKGYrPQcn4d3+w@f9941","28Q5ZMDGpAPI1ftxk2Z5E7@6c48a","eb6pjnlmZJL5lBcsY7y9LB","3eQlGs9rxBjJccrYQVTocf","ec6COi4HtAU5XW/raSZDv0","6feKnosWNESrAvj7IY/QFo@f9941","45soUaojpH3qPyIiNHXbpm","b8G0MPzuJBHZC7l0sXGbKx","85q5TEBo5Msb5f+BiSbttL","d82noB4opIHI3YYtIBbak2","1eNgoyLt1GQKCEYWdjJ6AL","b4SYKqWRREC4oJy2VaBsBT","cb0Ssb0yxE+ogvIrcnYZk1","6feKnosWNESrAvj7IY/QFo@6c48a","6fwoXjaBlM9KoHnGCpzzkK@6c48a","85sDVpyllIQbgWRhFGBE9x@6c48a","98SpCuwmVEQpTI8vDy89Fx@6c48a","a1im6004BEMrh6s+D2LJGV@6c48a","a7jpTTBdpNQohsyj7vL+uh@6c48a","adOBVPbHdFoZpdiCwvjti2@6c48a","bewrh2sA5IRYQb4ccqxzQy@6c48a","c67VZjCklB6rnKBy8zP/l7@6c48a","d1LfpXGVVC+Js1T+wyqdHi@6c48a","d9HDPPfyBBCq9V0+L0qtJG@6c48a","daqMhX0JxMsIkVIzjiJctB@6c48a"],["node","_textureSource","_spriteFrame","_cameraComponent","Layout","Name","text","renwu_sprite","bg_sprite","AudioSource","rBody","Ani","instantiateParent","scene","_parent","csv","optionButton","TimeProgress","instantiateNode","在背包中的立绘","_defaultClip"],["cc.SpriteFrame",["cc.Sprite",["_sizeMode","_isTrimmedMode","node","_spriteFrame","_color"],1,1,6,5],["cc.Node",["_name","_layer","_id","_active","_components","_lpos","_parent","_children"],-1,9,5,1,2],["cc.Node",["_name","_layer","_active","_parent","_components","_children","_lpos"],0,1,12,2,5],["cc.UITransform",["node","_contentSize","_anchorPoint"],3,1,5,5],["cc.Label",["_actualFontSize","_fontSize","_lineHeight","_string","_horizontalAlign","_overflow","node","_color"],-3,1,5],["cc.SceneAsset",["_name"],2],["cc.Node",["_name","_parent","_components","_lpos"],2,1,2,5],["cc.Canvas",["node","_cameraComponent"],3,1,1],["cc.Widget",["_alignFlags","_top","_bottom","node"],0,1],["72a21qGwptDtoPeUZ3Dr8Zn",["node"],3,1],["6c9316OgcxCraSkHkG2PDs8",["node","AudioSource","bg_sprite","renwu_sprite","text","Name","Layout","csv","optionButton","TimeProgress"],3,1,1,1,1,1,1,1,6,6,6],["cca29hqnl1Lhre2RwRkqMzY",["moveSpeed","node","Ani","rBody"],2,1,1,1],["cc.BoxCollider2D",["_group","node","_offset","_size"],2,1,5,5],["f4e2dKU+9FIE6Zfv2x/HFdX",["canQuit","interactionEvent","node","instantiateParent","instantiateNode","在背包中的立绘"],1,1,1,6,6],["e3e7e4qnndNIbCC9cSgTDhm",["key","node"],2,1],["cc.Scene",["_name","_children","_prefab","_globals"],2,2,4,4],["cc.PrefabInfo",["root","asset","fileId","instance","targetOverrides","nestedPrefabInstanceRoots"],-3],["cc.SceneGlobals",["ambient","shadows","_skybox","fog","octree","lightProbeInfo"],3,4,4,4,4,4,4],["cc.AmbientInfo",["_skyColorHDR","_groundAlbedoHDR"],3,5,5],["cc.ShadowsInfo",["_shadowColor","_size"],3,5,5],["cc.SkyboxInfo",[],3],["cc.FogInfo",[],3],["cc.OctreeInfo",[],3],["cc.LightProbeInfo",[],3],["cc.Camera",["_projection","_orthoHeight","_near","_visibility","node","_color"],-1,1,5],["cc.Layout",["_layoutType","_spacingY","_isAlign","node"],0,1],["cc.AudioSource",["_playOnAwake","node"],2,1],["cc.Animation",["playOnLoad","node","_clips"],2,1,3],["cc.RigidBody2D",["enabledContactListener","_group","_gravityScale","_fixedRotation","node"],-1,1],["cc.TextAsset",["_name","text"],1]],[[4,0,1,1],[3,0,1,3,4,6,3],[4,0,1],[13,0,1,2,3,2],[2,0,1,6,4,5,3],[4,0,1,2,1],[1,0,2,2],[6,0,2],[2,0,1,2,7,4,5,4],[2,0,1,6,4,3],[2,0,3,1,6,4,5,4],[3,0,2,1,3,5,4,4],[3,0,1,3,5,4,6,3],[3,0,1,3,4,3],[7,0,1,2,3,2],[8,0,1,1],[9,0,1,2,3,4],[10,0,1],[11,0,1,2,3,4,5,6,7,8,9,1],[1,0,1,2,3,3],[1,2,3,1],[1,0,2,3,2],[1,0,2,4,3,2],[12,0,1,2,3,2],[14,0,1,2,3,4,5,3],[15,0,1,2],[5,3,0,1,2,6,7,5],[5,0,1,2,6,4],[5,4,0,1,2,5,6,6],[16,0,1,2,3,2],[17,0,1,2,3,4,5,7],[18,0,1,2,3,4,5,1],[19,0,1,1],[20,0,1,1],[21,1],[22,1],[23,1],[24,1],[25,0,1,2,3,4,5,5],[26,0,1,2,3,4],[27,0,1,2],[28,0,1,2,2],[29,0,1,2,3,4,5],[30,0,1,3]],[[[{"name":"walk8","rect":{"x":0,"y":0,"width":128,"height":128},"offset":{"x":0,"y":0},"originalSize":{"width":128,"height":128},"rotated":false,"capInsets":[0,0,0,0],"vertices":{"rawPosition":[-64,-64,0,64,-64,0,-64,64,0,64,64,0],"indexes":[0,1,2,2,1,3],"uv":[0,128,128,128,0,0,128,0],"nuv":[0,0,1,0,0,1,1,1],"minPos":{"x":-64,"y":-64,"z":0},"maxPos":{"x":64,"y":64,"z":0}},"packable":true,"pixelsToUnit":100,"pivot":{"x":0.5,"y":0.5},"meshType":0}],[0],0,[0],[1],[3]],[[[7,"test"],[8,"Canvas",33554432,"beI88Z2HpFELqR4T5EMHpg",[-6,-7,-8,-9,-10],[[0,-1,[5,1920,1080]],[15,-3,-2],[16,45,5.684341886080802e-14,5.684341886080802e-14,-4],[17,-5]],[1,960,540,0]],[11,"dialog_galgame",false,33554432,1,[-20,-21,-22,-23,-24,-25],[[[2,-11],[18,-18,-17,-16,-15,-14,-13,-12,1,2,3],-19],4,4,1]],[12,"Player",33554432,1,[-34],[[[5,-26,[5,256,256],[0,0.5,0]],[19,0,false,-27,4],[23,4,-30,-29,-28],-31,-32,[3,2,-33,[0,0,7],[5,25,9.4]]],4,4,4,1,1,4],[1,-84.29,-33.356,0]],[4,"物品1",33554432,1,[[0,-35,[5,40,36]],[20,-36,13],[24,true,2,-38,-37,14,15],[3,4,-39,[0,0.4,-13.3],[5,40,7.3]]],[1,0,173.031,0]],[9,"SpriteSplash",33554432,1,[[2,-40],[21,0,-41,12],[25,"author",-42],[3,4,-43,[0,0,-35.6],[5,99.3,27.6]]]],[13,"bg",33554432,2,[[[0,-44,[5,1920,1080]],-45],4,1]],[4,"SpriteSplash",33554432,2,[[0,-46,[5,1643.9479999999999,430.887]],[22,0,-47,[4,2876733303],0]],[1,0,-215.4435,0]],[1,"立绘",33554432,2,[[[0,-48,[5,378,432]],-49],4,1],[1,614.031,41.216999999999985,0]],[1,"name",33554432,2,[[[0,-50,[5,211.28,126]],-51],4,1],[1,-633.953,-80.168,0]],[1,"text",33554432,2,[[[5,-52,[5,1479.185578125,100.8],[0,0.5,1]],-53],4,1],[1,0,-157.24099999999999,0]],[1,"Layout",33554432,2,[[[2,-54],-55],4,1],[1,0,189.675,0]],[10,"Label",false,33554432,3,[[0,-56,[5,8.33,37.8]],[26,"!",30,30,30,-57,[4,4278190335]]],[1,0,84.042,0]],[29,"test",[1],[30,null,null,"6edc0892-5ff5-4a96-a778-8d0fabe5df65",null,null,null],[31,[32,[2,0,0,0,0.520833125],[2,0,0,0,0]],[33,[4,4283190348],[0,512,512]],[34],[35],[36],[37]]],[14,"Camera",1,[-58],[1,0,0,1000]],[38,0,687.6489028213166,0,1108344832,14,[4,4278190080]],[6,2,6],[6,0,8],[27,100,100,100,9],[28,0,80,80,80,3,10],[39,2,20,true,11],[40,false,2],[41,true,3,[5,6,7,8,9,10,11]],[42,true,2,0,true,3]],0,[0,0,1,0,3,15,0,0,1,0,0,1,0,0,1,0,-1,14,0,-2,2,0,-3,3,0,-4,5,0,-5,4,0,0,2,0,4,20,0,5,18,0,6,19,0,7,17,0,8,16,0,9,21,0,0,2,0,-3,21,0,-1,6,0,-2,7,0,-3,8,0,-4,9,0,-5,10,0,-6,11,0,0,3,0,0,3,0,10,23,0,11,22,0,0,3,0,-4,22,0,-5,23,0,0,3,0,-1,12,0,0,4,0,0,4,0,12,4,0,0,4,0,0,4,0,0,5,0,0,5,0,0,5,0,0,5,0,0,6,0,-2,16,0,0,7,0,0,7,0,0,8,0,-2,17,0,0,9,0,-2,18,0,0,10,0,-2,19,0,0,11,0,-2,20,0,0,12,0,0,12,0,-1,15,0,13,13,1,14,13,58],[0,0,0,0,0,0,0,0,0,0,0,0,0,0,0,0,22],[2,15,16,17,2,-1,-2,-3,-4,-5,-6,-7,2,2,18,19,20],[0,4,5,6,7,8,1,9,10,11,12,13,0,2,14,2,1]],[[{"name":"walk2","rect":{"x":0,"y":0,"width":128,"height":128},"offset":{"x":0,"y":0},"originalSize":{"width":128,"height":128},"rotated":false,"capInsets":[0,0,0,0],"vertices":{"rawPosition":[-64,-64,0,64,-64,0,-64,64,0,64,64,0],"indexes":[0,1,2,2,1,3],"uv":[0,128,128,128,0,0,128,0],"nuv":[0,0,1,0,0,1,1,1],"minPos":{"x":-64,"y":-64,"z":0},"maxPos":{"x":64,"y":64,"z":0}},"packable":true,"pixelsToUnit":100,"pivot":{"x":0.5,"y":0.5},"meshType":0}],[0],0,[0],[1],[15]],[[{"name":"peopleIndesk","rect":{"x":0,"y":0,"width":128,"height":128},"offset":{"x":0,"y":0},"originalSize":{"width":128,"height":128},"rotated":false,"capInsets":[0,0,0,0],"vertices":{"rawPosition":[-64,-64,0,64,-64,0,-64,64,0,64,64,0],"indexes":[0,1,2,2,1,3],"uv":[0,128,128,128,0,0,128,0],"nuv":[0,0,1,0,0,1,1,1],"minPos":{"x":-64,"y":-64,"z":0},"maxPos":{"x":64,"y":64,"z":0}},"packable":true,"pixelsToUnit":100,"pivot":{"x":0.5,"y":0.5},"meshType":0}],[0],0,[0],[1],[16]],[[{"name":"walk3","rect":{"x":0,"y":0,"width":128,"height":128},"offset":{"x":0,"y":0},"originalSize":{"width":128,"height":128},"rotated":false,"capInsets":[0,0,0,0],"vertices":{"rawPosition":[-64,-64,0,64,-64,0,-64,64,0,64,64,0],"indexes":[0,1,2,2,1,3],"uv":[0,128,128,128,0,0,128,0],"nuv":[0,0,1,0,0,1,1,1],"minPos":{"x":-64,"y":-64,"z":0},"maxPos":{"x":64,"y":64,"z":0}},"packable":true,"pixelsToUnit":100,"pivot":{"x":0.5,"y":0.5},"meshType":0}],[0],0,[0],[1],[17]],[[{"name":"walk5","rect":{"x":0,"y":0,"width":128,"height":128},"offset":{"x":0,"y":0},"originalSize":{"width":128,"height":128},"rotated":false,"capInsets":[0,0,0,0],"vertices":{"rawPosition":[-64,-64,0,64,-64,0,-64,64,0,64,64,0],"indexes":[0,1,2,2,1,3],"uv":[0,128,128,128,0,0,128,0],"nuv":[0,0,1,0,0,1,1,1],"minPos":{"x":-64,"y":-64,"z":0},"maxPos":{"x":64,"y":64,"z":0}},"packable":true,"pixelsToUnit":100,"pivot":{"x":0.5,"y":0.5},"meshType":0}],[0],0,[0],[1],[18]],[[{"name":"walk1","rect":{"x":0,"y":0,"width":128,"height":128},"offset":{"x":0,"y":0},"originalSize":{"width":128,"height":128},"rotated":false,"capInsets":[0,0,0,0],"vertices":{"rawPosition":[-64,-64,0,64,-64,0,-64,64,0,64,64,0],"indexes":[0,1,2,2,1,3],"uv":[0,128,128,128,0,0,128,0],"nuv":[0,0,1,0,0,1,1,1],"minPos":{"x":-64,"y":-64,"z":0},"maxPos":{"x":64,"y":64,"z":0}},"packable":true,"pixelsToUnit":100,"pivot":{"x":0.5,"y":0.5},"meshType":0}],[0],0,[0],[1],[19]],[[{"name":"walk7","rect":{"x":0,"y":0,"width":128,"height":128},"offset":{"x":0,"y":0},"originalSize":{"width":128,"height":128},"rotated":false,"capInsets":[0,0,0,0],"vertices":{"rawPosition":[-64,-64,0,64,-64,0,-64,64,0,64,64,0],"indexes":[0,1,2,2,1,3],"uv":[0,128,128,128,0,0,128,0],"nuv":[0,0,1,0,0,1,1,1],"minPos":{"x":-64,"y":-64,"z":0},"maxPos":{"x":64,"y":64,"z":0}},"packable":true,"pixelsToUnit":100,"pivot":{"x":0.5,"y":0.5},"meshType":0}],[0],0,[0],[1],[20]],[[{"name":"walk12","rect":{"x":0,"y":0,"width":128,"height":128},"offset":{"x":0,"y":0},"originalSize":{"width":128,"height":128},"rotated":false,"capInsets":[0,0,0,0],"vertices":{"rawPosition":[-64,-64,0,64,-64,0,-64,64,0,64,64,0],"indexes":[0,1,2,2,1,3],"uv":[0,128,128,128,0,0,128,0],"nuv":[0,0,1,0,0,1,1,1],"minPos":{"x":-64,"y":-64,"z":0},"maxPos":{"x":64,"y":64,"z":0}},"packable":true,"pixelsToUnit":100,"pivot":{"x":0.5,"y":0.5},"meshType":0}],[0],0,[0],[1],[21]],[[{"name":"walk10","rect":{"x":0,"y":0,"width":128,"height":128},"offset":{"x":0,"y":0},"originalSize":{"width":128,"height":128},"rotated":false,"capInsets":[0,0,0,0],"vertices":{"rawPosition":[-64,-64,0,64,-64,0,-64,64,0,64,64,0],"indexes":[0,1,2,2,1,3],"uv":[0,128,128,128,0,0,128,0],"nuv":[0,0,1,0,0,1,1,1],"minPos":{"x":-64,"y":-64,"z":0},"maxPos":{"x":64,"y":64,"z":0}},"packable":true,"pixelsToUnit":100,"pivot":{"x":0.5,"y":0.5},"meshType":0}],[0],0,[0],[1],[22]],[[{"name":"walk11","rect":{"x":0,"y":0,"width":128,"height":128},"offset":{"x":0,"y":0},"originalSize":{"width":128,"height":128},"rotated":false,"capInsets":[0,0,0,0],"vertices":{"rawPosition":[-64,-64,0,64,-64,0,-64,64,0,64,64,0],"indexes":[0,1,2,2,1,3],"uv":[0,128,128,128,0,0,128,0],"nuv":[0,0,1,0,0,1,1,1],"minPos":{"x":-64,"y":-64,"z":0},"maxPos":{"x":64,"y":64,"z":0}},"packable":true,"pixelsToUnit":100,"pivot":{"x":0.5,"y":0.5},"meshType":0}],[0],0,[0],[1],[23]],[[{"name":"walk4","rect":{"x":0,"y":0,"width":128,"height":128},"offset":{"x":0,"y":0},"originalSize":{"width":128,"height":128},"rotated":false,"capInsets":[0,0,0,0],"vertices":{"rawPosition":[-64,-64,0,64,-64,0,-64,64,0,64,64,0],"indexes":[0,1,2,2,1,3],"uv":[0,128,128,128,0,0,128,0],"nuv":[0,0,1,0,0,1,1,1],"minPos":{"x":-64,"y":-64,"z":0},"maxPos":{"x":64,"y":64,"z":0}},"packable":true,"pixelsToUnit":100,"pivot":{"x":0.5,"y":0.5},"meshType":0}],[0],0,[0],[1],[24]],[[{"name":"walk9","rect":{"x":0,"y":0,"width":128,"height":128},"offset":{"x":0,"y":0},"originalSize":{"width":128,"height":128},"rotated":false,"capInsets":[0,0,0,0],"vertices":{"rawPosition":[-64,-64,0,64,-64,0,-64,64,0,64,64,0],"indexes":[0,1,2,2,1,3],"uv":[0,128,128,128,0,0,128,0],"nuv":[0,0,1,0,0,1,1,1],"minPos":{"x":-64,"y":-64,"z":0},"maxPos":{"x":64,"y":64,"z":0}},"packable":true,"pixelsToUnit":100,"pivot":{"x":0.5,"y":0.5},"meshType":0}],[0],0,[0],[1],[25]],[[{"name":"walk6","rect":{"x":0,"y":0,"width":128,"height":128},"offset":{"x":0,"y":0},"originalSize":{"width":128,"height":128},"rotated":false,"capInsets":[0,0,0,0],"vertices":{"rawPosition":[-64,-64,0,64,-64,0,-64,64,0,64,64,0],"indexes":[0,1,2,2,1,3],"uv":[0,128,128,128,0,0,128,0],"nuv":[0,0,1,0,0,1,1,1],"minPos":{"x":-64,"y":-64,"z":0},"maxPos":{"x":64,"y":64,"z":0}},"packable":true,"pixelsToUnit":100,"pivot":{"x":0.5,"y":0.5},"meshType":0}],[0],0,[0],[1],[26]],[[[43,"测试对话-001","编号,ID,人物,对话,跳转,事件,条件\r\n#,0,,你好,1,,\r\n#,1,,这里是cocos store的我的插件,2,,\r\n&,2,,关于作者,5,,author\r\n&,3,,关于感谢名单,6,,\r\n&,4,,作者自述,7,,\r\n#,5,,广东苦逼高中生，于2022年在上海自学的cocos,8,,\r\n#,6,,property,8,,\r\n#,7,,平时在学校里受到孤立，也没有什么人愿意跟我说话，所以我喜欢电脑、喜欢写代码,8,,\r\n#,8,,,,,\r\n"]],0,0,[],[],[]]]]
