[1,["57UgcWSMhKGYrPQcn4d3+w@f9941","609xlc7CpF67qUiVX2DoHQ","cb0Ssb0yxE+ogvIrcnYZk1","57UgcWSMhKGYrPQcn4d3+w@6c48a","152Ka0lQJJcYwpseF72NA7"],["node","root","data","_effectAsset","instantiateParent","_spriteFrame","instantiateNode","在背包中的立绘","_textureSource","path","_customMaterial"],[["cc.Node",["_name","_layer","_components","_prefab","_lpos"],1,9,4,5],"cc.SpriteFrame",["cc.Material",["_name","_props","_defines","_states"],0,12],["cc.Prefab",["_name"],2],["cc.UITransform",["node","__prefab","_contentSize"],3,1,4,5],["cc.CompPrefabInfo",["fileId"],2],["cc.Sprite",["node","__prefab","_spriteFrame"],3,1,4,6],["f4e2dKU+9FIE6Zfv2x/HFdX",["interactionEvent","node","__prefab","instantiateParent","instantiateNode","在背包中的立绘"],2,1,4,1,6,6],["cc.BoxCollider2D",["_group","node","__prefab","_size"],2,1,4,5],["cc.PrefabInfo",["fileId","instance","targetOverrides","nestedPrefabInstanceRoots","root","asset"],-1,1,1],["cc.Label",["_string","_actualFontSize","_fontSize","_lineHeight","node","__prefab","_customMaterial"],-1,1,4,6],["e3e7e4qnndNIbCC9cSgTDhm",["canInteraction","canQuit","interactionEvent","node","__prefab","path"],0,1,4,1]],[[5,0,2],[3,0,2],[4,0,1,2,1],[9,0,1,2,3,4,5,5],[2,0,1,2,3,4],[0,0,1,2,3,4,3],[0,0,1,2,3,3],[6,0,1,2,1],[7,0,1,2,3,4,5,2],[8,0,1,2,3,2],[10,0,1,2,3,4,5,6,5],[11,0,1,2,3,4,5,4]],[[[[4,"ui-sprite-material-001",[{}],[{"USE_TEXTURE":true}],[[[{"rasterizerState":{},"depthStencilState":{}},"blendState",11,[{"targets":[{"blendDst":5}]},"blendColor",8,[4,2617245695]]]],11]]],0,0,[0],[3],[1]],[[[1,"物品1"],[5,"物品1",33554432,[[2,-2,[0,"d29C/sBChKhLjNRCRfJH/w"],[5,40,36]],[7,-3,[0,"abwGbqWY1B6LSNsDiz26a+"],0],[8,2,-5,[0,"2cEkAsHixN1aohWErzx25n"],-4,1,2],[9,4,-6,[0,"c1QA4I/lpAPbFog2PzqqLc"],[5,40,36]]],[3,"0eTxQ/A7FNJ77uMHBkF2T+",null,null,null,-1,0],[1,0,173.031,0]]],0,[0,1,1,0,0,1,0,0,1,0,4,1,0,0,1,0,0,1,0,2,1,6],[0,0,0],[5,6,7],[0,2,0]],[[{"name":"default_sprite","rect":{"x":0,"y":2,"width":40,"height":36},"offset":{"x":0,"y":0},"originalSize":{"width":40,"height":40},"rotated":false,"capInsets":[0,0,0,0],"vertices":{"rawPosition":[-20,-18,0,20,-18,0,-20,18,0,20,18,0],"indexes":[0,1,2,2,1,3],"uv":[0,38,40,38,0,2,40,2],"nuv":[0,0.05,1,0.05,0,0.95,1,0.95],"minPos":{"x":-20,"y":-18,"z":0},"maxPos":{"x":20,"y":18,"z":0}},"packable":true,"pixelsToUnit":100,"pivot":{"x":0.5,"y":0.5},"meshType":0}],[1],0,[0],[8],[3]],[[[1,"物品1交互后"],[6,"物品1交互后",33554432,[[2,-2,[0,"52FOVoGRRH9aZGD6L0cesB"],[5,600,126]],[10,"这是一张图片",100,100,100,-3,[0,"ccO7zpQ09E4IeMIXwHeFw9"],0],[11,false,true,1,-5,[0,"e7l/FoPR1Cvq556WRLKGnP"],-4]],[3,"02xI/UoTRPRI1PHUKm6YaV",null,null,null,-1,0]]],0,[0,1,1,0,0,1,0,0,1,0,9,1,0,0,1,0,2,1,5],[0],[10],[4]]]]
