{
  "__version__": "1.3.5",
  "log": {
    "level": 4
  },
  "common": {
    "buildPath": "project://build",
    "outputName": "windows",
    "mainBundleCompressionType": "merge_dep",
    "platform": "windows",
    "startScene": "6531e975-3e76-4bea-a80e-6a473a486405",
    "scenes": [
      {
        "url": "db://assets/scene/interaction.scene",
        "uuid": "92c92657-8e31-4922-b122-c0bfed9610c7",
        "inBundle": false
      },
      {
        "url": "db://assets/scene/setting.scene",
        "uuid": "37d42d3b-336e-48f8-b8b8-c751ebaf77cf",
        "inBundle": false
      },
      {
        "url": "db://assets/scene/start.scene",
        "uuid": "3cbe16e1-145f-427e-88cd-e637e63d106c",
        "inBundle": false
      },
      {
        "url": "db://assets/scene/startMenu.scene",
        "uuid": "6531e975-3e76-4bea-a80e-6a473a486405",
        "inBundle": false
      },
      {
        "url": "db://assets/scene/test.scene",
        "uuid": "6edc0892-5ff5-4a96-a778-8d0fabe5df65",
        "inBundle": false
      }
    ],
    "debug": true,
    "name": "dialogtest"
  },
  "BuildTaskManager": {
    "taskMap": {
      "1745027562240": {
        "type": "build",
        "id": "1745027562240",
        "progress": 1,
        "state": "success",
        "stage": "build",
        "message": "2025-6-15 14:44:36 build success in 39557 ms!",
        "options": {
          "name": "dialogtest",
          "platform": "web-mobile",
          "buildPath": "project://extensions/build_windows_app/main/build",
          "debug": false,
          "md5Cache": false,
          "skipCompressTexture": false,
          "sourceMaps": false,
          "polyfills": {
            "asyncFunctions": true
          },
          "experimentalEraseModules": false,
          "useBuiltinServer": false,
          "mainBundleIsRemote": false,
          "mainBundleCompressionType": "merge_dep",
          "useSplashScreen": true,
          "packAutoAtlas": true,
          "startScene": "6531e975-3e76-4bea-a80e-6a473a486405",
          "outputName": "web",
          "scenes": [
            {
              "url": "db://assets/scene/interaction.scene",
              "uuid": "92c92657-8e31-4922-b122-c0bfed9610c7",
              "inBundle": false
            },
            {
              "url": "db://assets/scene/setting.scene",
              "uuid": "37d42d3b-336e-48f8-b8b8-c751ebaf77cf",
              "inBundle": false
            },
            {
              "url": "db://assets/scene/start.scene",
              "uuid": "3cbe16e1-145f-427e-88cd-e637e63d106c",
              "inBundle": false
            },
            {
              "url": "db://assets/scene/startMenu.scene",
              "uuid": "6531e975-3e76-4bea-a80e-6a473a486405",
              "inBundle": false
            },
            {
              "url": "db://assets/scene/test.scene",
              "uuid": "6edc0892-5ff5-4a96-a778-8d0fabe5df65",
              "inBundle": false
            }
          ],
          "web-desktop": [],
          "packages": {},
          "__version__": "1.3.5",
          "web-mobile": []
        },
        "time": "2025-6-15 14:43",
        "dirty": false
      }
    }
  }
}
