{
  "__version__": "1.0.1",
  "builder": {
    "common": {
      "buildPath": "project://extensions/build_windows_app/main/build",
      "outputName": "web",
      "mainBundleCompressionType": "merge_dep",
      "platform": "web-mobile",
      "startScene": "6531e975-3e76-4bea-a80e-6a473a486405",
      "scenes": [
        {
          "url": "db://assets/scene/interaction.scene",
          "uuid": "92c92657-8e31-4922-b122-c0bfed9610c7",
          "inBundle": false
        },
        {
          "url": "db://assets/scene/setting.scene",
          "uuid": "37d42d3b-336e-48f8-b8b8-c751ebaf77cf",
          "inBundle": false
        },
        {
          "url": "db://assets/scene/start.scene",
          "uuid": "3cbe16e1-145f-427e-88cd-e637e63d106c",
          "inBundle": false
        },
        {
          "url": "db://assets/scene/startMenu.scene",
          "uuid": "6531e975-3e76-4bea-a80e-6a473a486405",
          "inBundle": false
        },
        {
          "url": "db://assets/scene/test.scene",
          "uuid": "6edc0892-5ff5-4a96-a778-8d0fabe5df65",
          "inBundle": false
        }
      ],
      "name": "dialogtest"
    },
    "taskOptionsMap": {
      "1745027562240": {
        "orientation": "auto",
        "embedWebDebugger": true,
        "__version__": "1.0.1"
      }
    },
    "__version__": "1.3.5",
    "options": {
      "web-mobile": {
        "orientation": "auto",
        "embedWebDebugger": true,
        "__version__": "1.0.1"
      }
    }
  }
}
