[1,["58wL28TRdCFKNgjMne8LJu@f9941","d5db1FgfhFdpKgEwHWBLI+@f9941","7dj5uJT9FMn6OrOOx83tfK@f9941","3eQlGs9rxBjJccrYQVTocf","3euEDeStRNUaetZpbEBTbH","58wL28TRdCFKNgjMne8LJu@6c48a","8bi9OrGGxN1pM9j33ccoZO@6c48a","8cOkXJdv9Kxbk8sN2XyFWm@6c48a","cbZ41SzVJGW7ZAn2luUIqC@f9941","d6wDwprTZHjKYrlo/ipJAU@f9941","ebtBlAoXBCgLGiQAqPOgqs@f9941","e16FaVwIdKerqX7Bf3PDCp","8bi9OrGGxN1pM9j33ccoZO@f9941","8cOkXJdv9Kxbk8sN2XyFWm@f9941","8azkDF+otJgaiCNPOg4Wtl","ec6COi4HtAU5XW/raSZDv0","6feKnosWNESrAvj7IY/QFo@f9941","45soUaojpH3qPyIiNHXbpm","b8G0MPzuJBHZC7l0sXGbKx","85q5TEBo5Msb5f+BiSbttL","d82noB4opIHI3YYtIBbak2","1eNgoyLt1GQKCEYWdjJ6AL","b4SYKqWRREC4oJy2VaBsBT","cbZ41SzVJGW7ZAn2luUIqC@6c48a","d5db1FgfhFdpKgEwHWBLI+@6c48a","d6wDwprTZHjKYrlo/ipJAU@6c48a","ebtBlAoXBCgLGiQAqPOgqs@6c48a"],["node","_spriteFrame","_textureSource","_parent","Layout","Name","text","renwu_sprite","bg_sprite","optionButton","AudioSource","_cameraComponent","rBody","Ani","instantiateParent","scene","instantiateNode","csv","TimeProgress","_defaultClip","root","data"],[["cc.Sprite",["_sizeMode","_isTrimmedMode","_type","node","_spriteFrame","_color","__prefab"],0,1,6,5,4],"cc.SpriteFrame",["cc.Node",["_name","_layer","_id","_active","_components","_lpos","_children","_parent","_prefab"],-1,9,5,2,1,4],["cc.Node",["_name","_layer","_active","_components","_parent","_lpos","_children","_prefab"],0,12,1,5,2,4],["cc.UITransform",["node","_contentSize","__prefab","_anchorPoint"],3,1,5,4,5],["cc.Label",["_actualFontSize","_fontSize","_lineHeight","_horizontalAlign","_overflow","_string","_verticalAlign","node","__prefab","_color"],-4,1,4,5],["cc.BoxCollider2D",["_group","node","_size","_offset"],2,1,5,5],["6c9316OgcxCraSkHkG2PDs8",["endDelete","node","bg_sprite","renwu_sprite","text","Name","Layout","optionButton","AudioSource","csv","TimeProgress","__prefab"],2,1,1,1,1,1,1,6,1,6,6,4],["e3e7e4qnndNIbCC9cSgTDhm",["interactionEvent","isDialog","node","instantiateParent","instantiateNode","dialogPath"],1,1,1,6,2],["bc212J08khIi6KGLPJGA7Ul",["interactionEvent","node"],2,1],["cc.PrefabInfo",["fileId","instance","nestedPrefabInstanceRoots","targetOverrides","root","asset"],-1,1,1],["cc.Layout",["_layoutType","_spacingY","_isAlign","node","__prefab"],0,1,4],["cc.TextAsset",["_name","text"],1],["cc.SceneAsset",["_name"],2],["cc.Node",["_name","_parent","_components","_lpos"],2,1,2,5],["72a21qGwptDtoPeUZ3Dr8Zn",["node"],3,1],["cc.Canvas",["node","_cameraComponent"],3,1,1],["cc.Widget",["_alignFlags","_left","_right","_top","_bottom","node"],-2,1],["cca29hqnl1Lhre2RwRkqMzY",["moveSpeed","node","Ani","rBody"],2,1,1,1],["cc.Scene",["_name","_children","_prefab","_globals"],2,2,4,4],["cc.PrefabInfo",["root","asset","fileId","instance","nestedPrefabInstanceRoots","targetOverrides"],-2,9],["cc.TargetOverrideInfo",["propertyPath","source","sourceInfo","target","targetInfo"],2,1,4,1,4],["cc.TargetInfo",["localID"],2],["cc.SceneGlobals",["ambient","shadows","_skybox","fog","octree","lightProbeInfo"],3,4,4,4,4,4,4],["cc.AmbientInfo",["_skyColorHDR","_groundAlbedoHDR"],3,5,5],["cc.ShadowsInfo",["_shadowColor","_size"],3,5,5],["cc.SkyboxInfo",[],3],["cc.FogInfo",[],3],["cc.OctreeInfo",[],3],["cc.LightProbeInfo",[],3],["cc.Camera",["_projection","_orthoHeight","_near","_visibility","node","_color"],-1,1,5],["cc.AudioSource",["_playOnAwake","node"],2,1],["cc.Animation",["playOnLoad","node","_clips"],2,1,3],["cc.RigidBody2D",["enabledContactListener","_group","_gravityScale","_fixedRotation","node"],-1,1],["cc.Prefab",["_name"],2],["cc.CompPrefabInfo",["fileId"],2]],[[2,0,1,7,4,5,3],[4,0,1,3,1],[6,1,3,2,1],[0,0,3,4,2],[0,3,4,1],[35,0,2],[22,0,2],[4,0,1,1],[10,0,1,3,2,4,5,5],[21,0,1,2,3,4,2],[6,0,1,3,2,2],[3,0,1,4,3,5,3],[3,0,1,4,3,7,5,3],[4,0,2,1,1],[4,0,1],[4,0,2,1],[0,0,3,2],[0,0,3,6,2],[12,0,1,3],[13,0,2],[2,0,1,6,4,3],[2,0,1,2,6,4,5,4],[2,0,3,1,7,4,5,4],[2,0,1,6,4,8,3],[2,0,1,7,4,8,5,3],[3,0,2,1,6,3,4],[3,0,1,4,6,3,5,3],[3,0,1,4,3,3],[3,0,1,4,3,7,3],[14,0,1,2,3,2],[4,0,2,1,3,1],[15,0,1],[7,0,1,8,2,3,4,5,6,9,7,10,2],[7,0,1,11,2,3,4,5,6,7,2],[16,0,1,1],[17,0,1,2,3,4,5,6],[0,0,1,3,4,3],[0,2,0,3,5,4,3],[0,0,3,5,4,2],[0,0,3,6,5,4,2],[18,0,1,2,3,2],[6,1,2,1],[8,1,0,2,3,4,3],[8,0,2,5,2],[9,0,1,2],[9,1,1],[5,5,0,1,2,7,9,5],[5,0,1,2,7,4],[5,3,0,1,2,4,7,6],[5,0,1,2,7,8,4],[5,3,6,0,1,2,4,7,8,7],[19,0,1,2,3,2],[20,0,1,2,3,4,5,6],[10,0,1,2,3,4,5,5],[23,0,1,2,3,4,5,1],[24,0,1,1],[25,0,1,1],[26,1],[27,1],[28,1],[29,1],[30,0,1,2,3,4,5,5],[11,0,1,2,3,4],[11,0,1,2,3,4,4],[31,0,1,2],[32,0,1,2,2],[33,0,1,2,3,4,5],[34,0,2]],[[[{"name":"deskAndChair1","rect":{"x":49,"y":52,"width":30,"height":35},"offset":{"x":0,"y":-5.5},"originalSize":{"width":128,"height":128},"rotated":false,"capInsets":[0,0,0,0],"vertices":{"rawPosition":[-15,-17.5,0,15,-17.5,0,-15,17.5,0,15,17.5,0],"indexes":[0,1,2,2,1,3],"uv":[49,76,79,76,49,41,79,41],"nuv":[0.3828125,0.3203125,0.6171875,0.3203125,0.3828125,0.59375,0.6171875,0.59375],"minPos":{"x":-15,"y":-17.5,"z":0},"maxPos":{"x":15,"y":17.5,"z":0}},"packable":true,"pixelsToUnit":100,"pivot":{"x":0.5,"y":0.5},"meshType":0}],[1],0,[0],[2],[5]],[[[18,"这是讲台","编号,ID,人物,对话,跳转,事件,条件\r\n#,0,我,这是讲台,1,,\r\n#,1,,,,,\r\n"]],0,0,[],[],[]],[[{"name":"classroomThings1","rect":{"x":125,"y":208,"width":291,"height":86},"offset":{"x":14.5,"y":5},"originalSize":{"width":512,"height":512},"rotated":false,"capInsets":[0,0,0,0],"vertices":{"rawPosition":[-145.5,-43,0,145.5,-43,0,-145.5,43,0,145.5,43,0],"indexes":[0,1,2,2,1,3],"uv":[125,304,416,304,125,218,416,218],"nuv":[0.244140625,0.42578125,0.8125,0.42578125,0.244140625,0.59375,0.8125,0.59375],"minPos":{"x":-145.5,"y":-43,"z":0},"maxPos":{"x":145.5,"y":43,"z":0}},"packable":true,"pixelsToUnit":100,"pivot":{"x":0.5,"y":0.5},"meshType":0}],[1],0,[0],[2],[6]],[[{"name":"classroomThings2","rect":{"x":199,"y":275,"width":98,"height":62},"offset":{"x":-8,"y":-50},"originalSize":{"width":512,"height":512},"rotated":false,"capInsets":[0,0,0,0],"vertices":{"rawPosition":[-49,-31,0,49,-31,0,-49,31,0,49,31,0],"indexes":[0,1,2,2,1,3],"uv":[199,237,297,237,199,175,297,175],"nuv":[0.388671875,0.341796875,0.580078125,0.341796875,0.388671875,0.462890625,0.580078125,0.462890625],"minPos":{"x":-49,"y":-31,"z":0},"maxPos":{"x":49,"y":31,"z":0}},"packable":true,"pixelsToUnit":100,"pivot":{"x":0.5,"y":0.5},"meshType":0}],[1],0,[0],[2],[7]],[[[19,"interaction"],[20,"2.5d",33554432,[-3,-4,-5,-6,-7,-8,-9,-10,-11,-12,-13,-14,-15,-16,-17,-18,-19,-20,-21,-22,-23,-24,-25,-26,-27,-28,-29,-30,-31,-32,-33,-34,-35,-36,-37,-38,-39,-40,-41,-42,-43,-44,-45,-46,-47,-48,-49,-50,-51,-52,-53,-54,-55,-56,-57,-58,-59,-60,-61,-62,-63,-64,-65,-66,-67,-68,-69,-70,-71,-72,-73,-74,-75,-76,-77,-78,-79,-80,-81,-82,-83,-84,-85,-86,-87,-88,-89,-90,-91,-92,-93,-94,-95,-96,-97,-98,-99,-100,-101,-102,-103,-104,-105,-106,-107,-108,-109,-110,-111,-112,-113,-114,-115,-116,-117,-118,-119,-120,-121,-122,-123,-124,-125,-126,-127,-128,-129,-130,-131,-132],[[14,-1],[31,-2]]],[25,"dialog_galgame",false,33554432,[-142,-143,-144,-145,-146,-147],[[[14,-133],[32,true,-140,-139,-138,-137,-136,-135,-134,8,9,10],-141],4,4,1]],[21,"Canvas",33554432,"beI88Z2HpFELqR4T5EMHpg",[-152,-153,-154,1,-155,-156,2],[[7,-148,[5,1920,1080]],[34,-150,-149],[35,45,-1.1368683772161603e-13,-1.1368683772161603e-13,-5.684341886080802e-14,-5.684341886080802e-14,-151]],[1,959.9999999999999,540,0]],[26,"Player",33554432,1,[-165],[[[1,-157,[5,128,128],[0,0.5,0]],[36,2,false,-158,137],[40,4,-161,-160,-159],-162,-163,[10,2,-164,[0,0,1.4],[5,9.8,3.3]]],4,4,4,1,1,4],[1,180.357,-33.356,0]],[0,"classroomThings4",33554432,1,[[1,-166,[5,53,69],[0,0.5,-0.4786379473684211]],[4,-167,3],[10,4,-168,[0,0,0.9],[5,48,10.2]],[42,true,2,-170,-169,4]],[1,-192.771,20.936,0]],[0,"classroomThings2",33554432,1,[[1,-171,[5,80,58],[0,0.5,0]],[3,0,-172,6],[10,4,-173,[0,-0.1,15.8],[5,79.9,34.7]],[43,7,-174,[2]]],[1,0,-24.213,0]],[0,"deskAndChair77",33554432,1,[[1,-175,[5,17,21],[0,0.5,0]],[4,-176,87],[10,4,-177,[0,0,4.3],[5,17,8.6]],[44,3,-178]],[1,-94.061,-218.955,0]],[0,"deskAndChair115",33554432,1,[[1,-179,[5,17,21],[0,0.5,0]],[4,-180,125],[10,4,-181,[0,0,4.3],[5,17,8.6]],[45,-182]],[1,140.886,-295.586,0]],[0,"classroomThings1",33554432,1,[[1,-183,[5,291,88],[0,0.5,-0.2434404639175258]],[3,0,-184,5],[2,-185,[0,0,2.6],[5,250.6,9.7]]],[1,0.7169999999999845,20.917500000000018,0]],[0,"deskAndChair1",33554432,1,[[1,-186,[5,30,35],[0,0.5,0]],[3,0,-187,11],[2,-188,[0,0,7.6],[5,30,14.7]]],[1,-40.01,-56.022,0]],[0,"deskAndChair2",33554432,1,[[1,-189,[5,17,21],[0,0.5,0]],[4,-190,12],[2,-191,[0,0,4.3],[5,17,8.6]]],[1,-40.01,-67.396,0]],[0,"deskAndChair3",33554432,1,[[1,-192,[5,30,35],[0,0.5,0]],[3,0,-193,13],[2,-194,[0,0,7.6],[5,30,14.7]]],[1,-9.674,-56.022,0]],[0,"deskAndChair4",33554432,1,[[1,-195,[5,17,21],[0,0.5,0]],[4,-196,14],[2,-197,[0,0,4.3],[5,17,8.6]]],[1,-9.674,-67.396,0]],[0,"deskAndChair5",33554432,1,[[1,-198,[5,17,21],[0,0.5,0]],[4,-199,15],[2,-200,[0,0,4.3],[5,17,8.6]]],[1,20.681,-67.396,0]],[0,"deskAndChair6",33554432,1,[[1,-201,[5,30,35],[0,0.5,0]],[3,0,-202,16],[2,-203,[0,0,7.6],[5,30,14.7]]],[1,20.681,-56.022,0]],[0,"deskAndChair7",33554432,1,[[1,-204,[5,30,35],[0,0.5,0]],[3,0,-205,17],[2,-206,[0,0,7.6],[5,30,14.7]]],[1,80.195,-56.022,0]],[0,"deskAndChair8",33554432,1,[[1,-207,[5,17,21],[0,0.5,0]],[4,-208,18],[2,-209,[0,0,4.3],[5,17,8.6]]],[1,80.195,-67.396,0]],[0,"deskAndChair9",33554432,1,[[1,-210,[5,30,35],[0,0.5,0]],[3,0,-211,19],[2,-212,[0,0,7.6],[5,30,14.7]]],[1,110.531,-56.022,0]],[0,"deskAndChair10",33554432,1,[[1,-213,[5,17,21],[0,0.5,0]],[4,-214,20],[2,-215,[0,0,4.3],[5,17,8.6]]],[1,110.531,-67.396,0]],[0,"deskAndChair11",33554432,1,[[1,-216,[5,17,21],[0,0.5,0]],[4,-217,21],[2,-218,[0,0,4.3],[5,17,8.6]]],[1,140.886,-67.396,0]],[0,"deskAndChair12",33554432,1,[[1,-219,[5,30,35],[0,0.5,0]],[3,0,-220,22],[2,-221,[0,0,7.6],[5,30,14.7]]],[1,140.886,-56.022,0]],[0,"deskAndChair13",33554432,1,[[1,-222,[5,30,35],[0,0.5,0]],[3,0,-223,23],[2,-224,[0,0,7.6],[5,30,14.7]]],[1,-94.061,-56.022,0]],[0,"deskAndChair14",33554432,1,[[1,-225,[5,17,21],[0,0.5,0]],[4,-226,24],[2,-227,[0,0,4.3],[5,17,8.6]]],[1,-94.061,-67.396,0]],[0,"deskAndChair15",33554432,1,[[1,-228,[5,17,21],[0,0.5,0]],[4,-229,25],[2,-230,[0,0,4.3],[5,17,8.6]]],[1,-124.416,-67.396,0]],[0,"deskAndChair16",33554432,1,[[1,-231,[5,30,35],[0,0.5,0]],[3,0,-232,26],[2,-233,[0,0,7.6],[5,30,14.7]]],[1,-124.416,-56.022,0]],[0,"deskAndChair17",33554432,1,[[1,-234,[5,17,21],[0,0.5,0]],[4,-235,27],[2,-236,[0,0,4.3],[5,17,8.6]]],[1,-154.752,-67.396,0]],[0,"deskAndChair18",33554432,1,[[1,-237,[5,30,35],[0,0.5,0]],[3,0,-238,28],[2,-239,[0,0,7.6],[5,30,14.7]]],[1,-154.752,-56.022,0]],[0,"deskAndChair19",33554432,1,[[1,-240,[5,30,35],[0,0.5,0]],[3,0,-241,29],[2,-242,[0,0,7.6],[5,30,14.7]]],[1,-94.061,-93.486,0]],[0,"deskAndChair20",33554432,1,[[1,-243,[5,30,35],[0,0.5,0]],[3,0,-244,30],[2,-245,[0,0,7.6],[5,30,14.7]]],[1,-40.01,-93.486,0]],[0,"deskAndChair21",33554432,1,[[1,-246,[5,17,21],[0,0.5,0]],[4,-247,31],[2,-248,[0,0,4.3],[5,17,8.6]]],[1,-40.01,-104.86,0]],[0,"deskAndChair22",33554432,1,[[1,-249,[5,30,35],[0,0.5,0]],[3,0,-250,32],[2,-251,[0,0,7.6],[5,30,14.7]]],[1,-9.674,-93.486,0]],[0,"deskAndChair23",33554432,1,[[1,-252,[5,17,21],[0,0.5,0]],[4,-253,33],[2,-254,[0,0,4.3],[5,17,8.6]]],[1,-9.674,-104.86,0]],[0,"deskAndChair24",33554432,1,[[1,-255,[5,17,21],[0,0.5,0]],[4,-256,34],[2,-257,[0,0,4.3],[5,17,8.6]]],[1,20.681,-104.86,0]],[0,"deskAndChair25",33554432,1,[[1,-258,[5,30,35],[0,0.5,0]],[3,0,-259,35],[2,-260,[0,0,7.6],[5,30,14.7]]],[1,20.681,-93.486,0]],[0,"deskAndChair26",33554432,1,[[1,-261,[5,30,35],[0,0.5,0]],[3,0,-262,36],[2,-263,[0,0,7.6],[5,30,14.7]]],[1,80.195,-93.486,0]],[0,"deskAndChair27",33554432,1,[[1,-264,[5,17,21],[0,0.5,0]],[4,-265,37],[2,-266,[0,0,4.3],[5,17,8.6]]],[1,80.195,-104.86,0]],[0,"deskAndChair28",33554432,1,[[1,-267,[5,30,35],[0,0.5,0]],[3,0,-268,38],[2,-269,[0,0,7.6],[5,30,14.7]]],[1,110.531,-93.486,0]],[0,"deskAndChair29",33554432,1,[[1,-270,[5,17,21],[0,0.5,0]],[4,-271,39],[2,-272,[0,0,4.3],[5,17,8.6]]],[1,110.531,-104.86,0]],[0,"deskAndChair30",33554432,1,[[1,-273,[5,17,21],[0,0.5,0]],[4,-274,40],[2,-275,[0,0,4.3],[5,17,8.6]]],[1,140.886,-104.86,0]],[0,"deskAndChair31",33554432,1,[[1,-276,[5,30,35],[0,0.5,0]],[3,0,-277,41],[2,-278,[0,0,7.6],[5,30,14.7]]],[1,140.886,-93.486,0]],[0,"deskAndChair32",33554432,1,[[1,-279,[5,17,21],[0,0.5,0]],[4,-280,42],[2,-281,[0,0,4.3],[5,17,8.6]]],[1,-94.061,-104.86,0]],[0,"deskAndChair33",33554432,1,[[1,-282,[5,17,21],[0,0.5,0]],[4,-283,43],[2,-284,[0,0,4.3],[5,17,8.6]]],[1,-124.416,-104.86,0]],[0,"deskAndChair34",33554432,1,[[1,-285,[5,30,35],[0,0.5,0]],[3,0,-286,44],[2,-287,[0,0,7.6],[5,30,14.7]]],[1,-124.416,-93.486,0]],[0,"deskAndChair35",33554432,1,[[1,-288,[5,17,21],[0,0.5,0]],[4,-289,45],[2,-290,[0,0,4.3],[5,17,8.6]]],[1,-154.752,-104.86,0]],[0,"deskAndChair36",33554432,1,[[1,-291,[5,30,35],[0,0.5,0]],[3,0,-292,46],[2,-293,[0,0,7.6],[5,30,14.7]]],[1,-154.752,-93.486,0]],[0,"deskAndChair37",33554432,1,[[1,-294,[5,30,35],[0,0.5,0]],[3,0,-295,47],[2,-296,[0,0,7.6],[5,30,14.7]]],[1,-154.752,-130.95,0]],[0,"deskAndChair38",33554432,1,[[1,-297,[5,17,21],[0,0.5,0]],[4,-298,48],[2,-299,[0,0,4.3],[5,17,8.6]]],[1,-154.752,-142.324,0]],[0,"deskAndChair39",33554432,1,[[1,-300,[5,30,35],[0,0.5,0]],[3,0,-301,49],[2,-302,[0,0,7.6],[5,30,14.7]]],[1,-124.416,-130.95,0]],[0,"deskAndChair40",33554432,1,[[1,-303,[5,17,21],[0,0.5,0]],[4,-304,50],[2,-305,[0,0,4.3],[5,17,8.6]]],[1,-124.416,-142.324,0]],[0,"deskAndChair41",33554432,1,[[1,-306,[5,17,21],[0,0.5,0]],[4,-307,51],[2,-308,[0,0,4.3],[5,17,8.6]]],[1,-94.061,-142.324,0]],[0,"deskAndChair42",33554432,1,[[1,-309,[5,30,35],[0,0.5,0]],[3,0,-310,52],[2,-311,[0,0,7.6],[5,30,14.7]]],[1,140.886,-130.95,0]],[0,"deskAndChair43",33554432,1,[[1,-312,[5,17,21],[0,0.5,0]],[4,-313,53],[2,-314,[0,0,4.3],[5,17,8.6]]],[1,140.886,-142.324,0]],[0,"deskAndChair44",33554432,1,[[1,-315,[5,17,21],[0,0.5,0]],[4,-316,54],[2,-317,[0,0,4.3],[5,17,8.6]]],[1,110.531,-142.324,0]],[0,"deskAndChair45",33554432,1,[[1,-318,[5,30,35],[0,0.5,0]],[3,0,-319,55],[2,-320,[0,0,7.6],[5,30,14.7]]],[1,110.531,-130.95,0]],[0,"deskAndChair46",33554432,1,[[1,-321,[5,17,21],[0,0.5,0]],[4,-322,56],[2,-323,[0,0,4.3],[5,17,8.6]]],[1,80.195,-142.324,0]],[0,"deskAndChair47",33554432,1,[[1,-324,[5,30,35],[0,0.5,0]],[3,0,-325,57],[2,-326,[0,0,7.6],[5,30,14.7]]],[1,80.195,-130.95,0]],[0,"deskAndChair48",33554432,1,[[1,-327,[5,30,35],[0,0.5,0]],[3,0,-328,58],[2,-329,[0,0,7.6],[5,30,14.7]]],[1,20.681,-130.95,0]],[0,"deskAndChair49",33554432,1,[[1,-330,[5,17,21],[0,0.5,0]],[4,-331,59],[2,-332,[0,0,4.3],[5,17,8.6]]],[1,20.681,-142.324,0]],[0,"deskAndChair50",33554432,1,[[1,-333,[5,17,21],[0,0.5,0]],[4,-334,60],[2,-335,[0,0,4.3],[5,17,8.6]]],[1,-9.674,-142.324,0]],[0,"deskAndChair51",33554432,1,[[1,-336,[5,30,35],[0,0.5,0]],[3,0,-337,61],[2,-338,[0,0,7.6],[5,30,14.7]]],[1,-9.674,-130.95,0]],[0,"deskAndChair52",33554432,1,[[1,-339,[5,17,21],[0,0.5,0]],[4,-340,62],[2,-341,[0,0,4.3],[5,17,8.6]]],[1,-40.01,-142.324,0]],[0,"deskAndChair53",33554432,1,[[1,-342,[5,30,35],[0,0.5,0]],[3,0,-343,63],[2,-344,[0,0,7.6],[5,30,14.7]]],[1,-40.01,-130.95,0]],[0,"deskAndChair54",33554432,1,[[1,-345,[5,30,35],[0,0.5,0]],[3,0,-346,64],[2,-347,[0,0,7.6],[5,30,14.7]]],[1,-94.061,-130.95,0]],[0,"deskAndChair55",33554432,1,[[1,-348,[5,30,35],[0,0.5,0]],[3,0,-349,65],[2,-350,[0,0,7.6],[5,30,14.7]]],[1,-94.061,-166.711,0]],[0,"deskAndChair56",33554432,1,[[1,-351,[5,30,35],[0,0.5,0]],[3,0,-352,66],[2,-353,[0,0,7.6],[5,30,14.7]]],[1,-40.01,-166.711,0]],[0,"deskAndChair57",33554432,1,[[1,-354,[5,17,21],[0,0.5,0]],[4,-355,67],[2,-356,[0,0,4.3],[5,17,8.6]]],[1,-40.01,-178.085,0]],[0,"deskAndChair58",33554432,1,[[1,-357,[5,30,35],[0,0.5,0]],[3,0,-358,68],[2,-359,[0,0,7.6],[5,30,14.7]]],[1,-9.674,-166.711,0]],[0,"deskAndChair59",33554432,1,[[1,-360,[5,17,21],[0,0.5,0]],[4,-361,69],[2,-362,[0,0,4.3],[5,17,8.6]]],[1,-9.674,-178.085,0]],[0,"deskAndChair60",33554432,1,[[1,-363,[5,17,21],[0,0.5,0]],[4,-364,70],[2,-365,[0,0,4.3],[5,17,8.6]]],[1,20.681,-178.085,0]],[0,"deskAndChair61",33554432,1,[[1,-366,[5,30,35],[0,0.5,0]],[3,0,-367,71],[2,-368,[0,0,7.6],[5,30,14.7]]],[1,20.681,-166.711,0]],[0,"deskAndChair62",33554432,1,[[1,-369,[5,30,35],[0,0.5,0]],[3,0,-370,72],[2,-371,[0,0,7.6],[5,30,14.7]]],[1,80.195,-166.711,0]],[0,"deskAndChair63",33554432,1,[[1,-372,[5,17,21],[0,0.5,0]],[4,-373,73],[2,-374,[0,0,4.3],[5,17,8.6]]],[1,80.195,-178.085,0]],[0,"deskAndChair64",33554432,1,[[1,-375,[5,30,35],[0,0.5,0]],[3,0,-376,74],[2,-377,[0,0,7.6],[5,30,14.7]]],[1,110.531,-166.711,0]],[0,"deskAndChair65",33554432,1,[[1,-378,[5,17,21],[0,0.5,0]],[4,-379,75],[2,-380,[0,0,4.3],[5,17,8.6]]],[1,110.531,-178.085,0]],[0,"deskAndChair66",33554432,1,[[1,-381,[5,17,21],[0,0.5,0]],[4,-382,76],[2,-383,[0,0,4.3],[5,17,8.6]]],[1,140.886,-178.085,0]],[0,"deskAndChair67",33554432,1,[[1,-384,[5,30,35],[0,0.5,0]],[3,0,-385,77],[2,-386,[0,0,7.6],[5,30,14.7]]],[1,140.886,-166.711,0]],[0,"deskAndChair68",33554432,1,[[1,-387,[5,17,21],[0,0.5,0]],[4,-388,78],[2,-389,[0,0,4.3],[5,17,8.6]]],[1,-94.061,-178.085,0]],[0,"deskAndChair69",33554432,1,[[1,-390,[5,17,21],[0,0.5,0]],[4,-391,79],[2,-392,[0,0,4.3],[5,17,8.6]]],[1,-124.416,-178.085,0]],[0,"deskAndChair70",33554432,1,[[1,-393,[5,30,35],[0,0.5,0]],[3,0,-394,80],[2,-395,[0,0,7.6],[5,30,14.7]]],[1,-124.416,-166.711,0]],[0,"deskAndChair71",33554432,1,[[1,-396,[5,17,21],[0,0.5,0]],[4,-397,81],[2,-398,[0,0,4.3],[5,17,8.6]]],[1,-154.752,-178.085,0]],[0,"deskAndChair72",33554432,1,[[1,-399,[5,30,35],[0,0.5,0]],[3,0,-400,82],[2,-401,[0,0,7.6],[5,30,14.7]]],[1,-154.752,-166.711,0]],[0,"deskAndChair73",33554432,1,[[1,-402,[5,30,35],[0,0.5,0]],[3,0,-403,83],[2,-404,[0,0,7.6],[5,30,14.7]]],[1,-154.752,-207.581,0]],[0,"deskAndChair74",33554432,1,[[1,-405,[5,17,21],[0,0.5,0]],[4,-406,84],[2,-407,[0,0,4.3],[5,17,8.6]]],[1,-154.752,-218.955,0]],[0,"deskAndChair75",33554432,1,[[1,-408,[5,30,35],[0,0.5,0]],[3,0,-409,85],[2,-410,[0,0,7.6],[5,30,14.7]]],[1,-124.416,-207.581,0]],[0,"deskAndChair76",33554432,1,[[1,-411,[5,17,21],[0,0.5,0]],[4,-412,86],[2,-413,[0,0,4.3],[5,17,8.6]]],[1,-124.416,-218.955,0]],[0,"deskAndChair78",33554432,1,[[1,-414,[5,30,35],[0,0.5,0]],[3,0,-415,88],[2,-416,[0,0,7.6],[5,30,14.7]]],[1,140.886,-207.581,0]],[0,"deskAndChair79",33554432,1,[[1,-417,[5,17,21],[0,0.5,0]],[4,-418,89],[2,-419,[0,0,4.3],[5,17,8.6]]],[1,140.886,-218.955,0]],[0,"deskAndChair80",33554432,1,[[1,-420,[5,17,21],[0,0.5,0]],[4,-421,90],[2,-422,[0,0,4.3],[5,17,8.6]]],[1,110.531,-218.955,0]],[0,"deskAndChair81",33554432,1,[[1,-423,[5,30,35],[0,0.5,0]],[3,0,-424,91],[2,-425,[0,0,7.6],[5,30,14.7]]],[1,110.531,-207.581,0]],[0,"deskAndChair82",33554432,1,[[1,-426,[5,17,21],[0,0.5,0]],[4,-427,92],[2,-428,[0,0,4.3],[5,17,8.6]]],[1,80.195,-218.955,0]],[0,"deskAndChair83",33554432,1,[[1,-429,[5,30,35],[0,0.5,0]],[3,0,-430,93],[2,-431,[0,0,7.6],[5,30,14.7]]],[1,80.195,-207.581,0]],[0,"deskAndChair84",33554432,1,[[1,-432,[5,30,35],[0,0.5,0]],[3,0,-433,94],[2,-434,[0,0,7.6],[5,30,14.7]]],[1,20.681,-207.581,0]],[0,"deskAndChair85",33554432,1,[[1,-435,[5,17,21],[0,0.5,0]],[4,-436,95],[2,-437,[0,0,4.3],[5,17,8.6]]],[1,20.681,-218.955,0]],[0,"deskAndChair86",33554432,1,[[1,-438,[5,17,21],[0,0.5,0]],[4,-439,96],[2,-440,[0,0,4.3],[5,17,8.6]]],[1,-9.674,-218.955,0]],[0,"deskAndChair87",33554432,1,[[1,-441,[5,30,35],[0,0.5,0]],[3,0,-442,97],[2,-443,[0,0,7.6],[5,30,14.7]]],[1,-9.674,-207.581,0]],[0,"deskAndChair88",33554432,1,[[1,-444,[5,17,21],[0,0.5,0]],[4,-445,98],[2,-446,[0,0,4.3],[5,17,8.6]]],[1,-40.01,-218.955,0]],[0,"deskAndChair89",33554432,1,[[1,-447,[5,30,35],[0,0.5,0]],[3,0,-448,99],[2,-449,[0,0,7.6],[5,30,14.7]]],[1,-40.01,-207.581,0]],[0,"deskAndChair90",33554432,1,[[1,-450,[5,30,35],[0,0.5,0]],[3,0,-451,100],[2,-452,[0,0,7.6],[5,30,14.7]]],[1,-94.061,-207.581,0]],[0,"deskAndChair91",33554432,1,[[1,-453,[5,30,35],[0,0.5,0]],[3,0,-454,101],[2,-455,[0,0,7.6],[5,30,14.7]]],[1,-94.061,-245.045,0]],[0,"deskAndChair92",33554432,1,[[1,-456,[5,30,35],[0,0.5,0]],[3,0,-457,102],[2,-458,[0,0,7.6],[5,30,14.7]]],[1,-40.01,-245.045,0]],[0,"deskAndChair93",33554432,1,[[1,-459,[5,17,21],[0,0.5,0]],[4,-460,103],[2,-461,[0,0,4.3],[5,17,8.6]]],[1,-40.01,-256.419,0]],[0,"deskAndChair94",33554432,1,[[1,-462,[5,30,35],[0,0.5,0]],[3,0,-463,104],[2,-464,[0,0,7.6],[5,30,14.7]]],[1,-9.674,-245.045,0]],[0,"deskAndChair95",33554432,1,[[1,-465,[5,17,21],[0,0.5,0]],[4,-466,105],[2,-467,[0,0,4.3],[5,17,8.6]]],[1,-9.674,-256.419,0]],[0,"deskAndChair96",33554432,1,[[1,-468,[5,17,21],[0,0.5,0]],[4,-469,106],[2,-470,[0,0,4.3],[5,17,8.6]]],[1,20.681,-256.419,0]],[0,"deskAndChair97",33554432,1,[[1,-471,[5,30,35],[0,0.5,0]],[3,0,-472,107],[2,-473,[0,0,7.6],[5,30,14.7]]],[1,20.681,-245.045,0]],[0,"deskAndChair98",33554432,1,[[1,-474,[5,30,35],[0,0.5,0]],[3,0,-475,108],[2,-476,[0,0,7.6],[5,30,14.7]]],[1,80.195,-245.045,0]],[0,"deskAndChair99",33554432,1,[[1,-477,[5,17,21],[0,0.5,0]],[4,-478,109],[2,-479,[0,0,4.3],[5,17,8.6]]],[1,80.195,-256.419,0]],[0,"deskAndChair100",33554432,1,[[1,-480,[5,30,35],[0,0.5,0]],[3,0,-481,110],[2,-482,[0,0,7.6],[5,30,14.7]]],[1,110.531,-245.045,0]],[0,"deskAndChair101",33554432,1,[[1,-483,[5,17,21],[0,0.5,0]],[4,-484,111],[2,-485,[0,0,4.3],[5,17,8.6]]],[1,110.531,-256.419,0]],[0,"deskAndChair102",33554432,1,[[1,-486,[5,17,21],[0,0.5,0]],[4,-487,112],[2,-488,[0,0,4.3],[5,17,8.6]]],[1,140.886,-256.419,0]],[0,"deskAndChair103",33554432,1,[[1,-489,[5,30,35],[0,0.5,0]],[3,0,-490,113],[2,-491,[0,0,7.6],[5,30,14.7]]],[1,140.886,-245.045,0]],[0,"deskAndChair104",33554432,1,[[1,-492,[5,17,21],[0,0.5,0]],[4,-493,114],[2,-494,[0,0,4.3],[5,17,8.6]]],[1,-94.061,-256.419,0]],[0,"deskAndChair105",33554432,1,[[1,-495,[5,17,21],[0,0.5,0]],[4,-496,115],[2,-497,[0,0,4.3],[5,17,8.6]]],[1,-124.416,-256.419,0]],[0,"deskAndChair106",33554432,1,[[1,-498,[5,30,35],[0,0.5,0]],[3,0,-499,116],[2,-500,[0,0,7.6],[5,30,14.7]]],[1,-124.416,-245.045,0]],[0,"deskAndChair107",33554432,1,[[1,-501,[5,17,21],[0,0.5,0]],[4,-502,117],[2,-503,[0,0,4.3],[5,17,8.6]]],[1,-154.752,-256.419,0]],[0,"deskAndChair108",33554432,1,[[1,-504,[5,30,35],[0,0.5,0]],[3,0,-505,118],[2,-506,[0,0,7.6],[5,30,14.7]]],[1,-154.752,-245.045,0]],[0,"deskAndChair109",33554432,1,[[1,-507,[5,30,35],[0,0.5,0]],[3,0,-508,119],[2,-509,[0,0,7.6],[5,30,14.7]]],[1,-154.752,-284.212,0]],[0,"deskAndChair110",33554432,1,[[1,-510,[5,17,21],[0,0.5,0]],[4,-511,120],[2,-512,[0,0,4.3],[5,17,8.6]]],[1,-154.752,-295.586,0]],[0,"deskAndChair111",33554432,1,[[1,-513,[5,30,35],[0,0.5,0]],[3,0,-514,121],[2,-515,[0,0,7.6],[5,30,14.7]]],[1,-124.416,-284.212,0]],[0,"deskAndChair112",33554432,1,[[1,-516,[5,17,21],[0,0.5,0]],[4,-517,122],[2,-518,[0,0,4.3],[5,17,8.6]]],[1,-124.416,-295.586,0]],[0,"deskAndChair113",33554432,1,[[1,-519,[5,17,21],[0,0.5,0]],[4,-520,123],[2,-521,[0,0,4.3],[5,17,8.6]]],[1,-94.061,-295.586,0]],[0,"deskAndChair114",33554432,1,[[1,-522,[5,30,35],[0,0.5,0]],[3,0,-523,124],[2,-524,[0,0,7.6],[5,30,14.7]]],[1,140.886,-284.212,0]],[0,"deskAndChair116",33554432,1,[[1,-525,[5,17,21],[0,0.5,0]],[4,-526,126],[2,-527,[0,0,4.3],[5,17,8.6]]],[1,110.531,-295.586,0]],[0,"deskAndChair117",33554432,1,[[1,-528,[5,30,35],[0,0.5,0]],[3,0,-529,127],[2,-530,[0,0,7.6],[5,30,14.7]]],[1,110.531,-284.212,0]],[0,"deskAndChair118",33554432,1,[[1,-531,[5,17,21],[0,0.5,0]],[4,-532,128],[2,-533,[0,0,4.3],[5,17,8.6]]],[1,80.195,-295.586,0]],[0,"deskAndChair119",33554432,1,[[1,-534,[5,30,35],[0,0.5,0]],[3,0,-535,129],[2,-536,[0,0,7.6],[5,30,14.7]]],[1,80.195,-284.212,0]],[0,"deskAndChair120",33554432,1,[[1,-537,[5,30,35],[0,0.5,0]],[3,0,-538,130],[2,-539,[0,0,7.6],[5,30,14.7]]],[1,20.681,-284.212,0]],[0,"deskAndChair121",33554432,1,[[1,-540,[5,17,21],[0,0.5,0]],[4,-541,131],[2,-542,[0,0,4.3],[5,17,8.6]]],[1,20.681,-295.586,0]],[0,"deskAndChair122",33554432,1,[[1,-543,[5,17,21],[0,0.5,0]],[4,-544,132],[2,-545,[0,0,4.3],[5,17,8.6]]],[1,-9.674,-295.586,0]],[0,"deskAndChair123",33554432,1,[[1,-546,[5,30,35],[0,0.5,0]],[3,0,-547,133],[2,-548,[0,0,7.6],[5,30,14.7]]],[1,-9.674,-284.212,0]],[0,"deskAndChair124",33554432,1,[[1,-549,[5,17,21],[0,0.5,0]],[4,-550,134],[2,-551,[0,0,4.3],[5,17,8.6]]],[1,-40.01,-295.586,0]],[0,"deskAndChair125",33554432,1,[[1,-552,[5,30,35],[0,0.5,0]],[3,0,-553,135],[2,-554,[0,0,7.6],[5,30,14.7]]],[1,-40.01,-284.212,0]],[0,"deskAndChair126",33554432,1,[[1,-555,[5,30,35],[0,0.5,0]],[3,0,-556,136],[2,-557,[0,0,7.6],[5,30,14.7]]],[1,-94.061,-284.212,0]],[0,"SpriteSplash",33554432,3,[[7,-558,[5,683.5060000000001,210.3335]],[3,0,-559,0]],[1,2.1316282072803006e-14,122.11225,0]],[0,"classroomThings5",33554432,3,[[7,-560,[5,683.506,389.941]],[37,2,0,-561,[4,4293190884],1]],[1,0,-178.02475,0]],[0,"classroomThings3",33554432,3,[[1,-562,[5,140,51],[0,0.5,0]],[4,-563,2]],[1,0,-37.327,0]],[29,"Camera",3,[-564],[1,0,0,1000]],[27,"bg",33554432,2,[[[7,-565,[5,1920,1080]],-566],4,1]],[0,"SpriteSplash",33554432,2,[[7,-567,[5,1643.9479999999999,430.887]],[38,0,-568,[4,2876733303],7]],[1,0,-215.4435,0]],[11,"立绘",33554432,2,[[[7,-569,[5,378,432]],-570],4,1],[1,614.031,41.216999999999985,0]],[11,"name",33554432,2,[[[7,-571,[5,211.28,126]],-572],4,1],[1,-633.953,-80.168,0]],[11,"text",33554432,2,[[[1,-573,[5,1479.185578125,100.8],[0,0.5,1]],-574],4,1],[1,0,-157.24099999999999,0]],[11,"Layout",33554432,2,[[[14,-575],-576],4,1],[1,0,189.675,0]],[22,"Label",false,33554432,4,[[7,-577,[5,8.33,37.8]],[46,"!",30,30,30,-578,[4,4278190335]]],[1,0,84.042,0]],[0,"wall",33554432,3,[[7,-579,[5,489,12.860000000000003]],[41,-580,[5,489,12.860000000000003]]],[1,-14.5,28.243000000000002,0]],[51,"interaction",[3],[52,null,null,"92c92657-8e31-4922-b122-c0bfed9610c7",null,null,[[9,["AudioSource"],2,[6,["89TGB58nVGUp0E4yGVgjUh"]],2,[6,["3349NKCLhAPq2xrxJTzaeo"]]],[9,["bg_sprite"],2,[6,["89TGB58nVGUp0E4yGVgjUh"]],2,[6,["58Z1sjjatMpITZuH2eulPT"]]],[9,["renwu_sprite"],2,[6,["89TGB58nVGUp0E4yGVgjUh"]],2,[6,["79BgN9x5lNO5nGz/7xjLUM"]]],[9,["text"],2,[6,["89TGB58nVGUp0E4yGVgjUh"]],2,[6,["08Yd8cK1NCqruqqkruEKBI"]]],[9,["Name"],2,[6,["89TGB58nVGUp0E4yGVgjUh"]],2,[6,["9730yT3ZhGUb10r0EfN5zK"]]],[9,["Layout"],2,[6,["89TGB58nVGUp0E4yGVgjUh"]],2,[6,["c1D8N/RM5E9Yn7/iiEqPbC"]]]]],[54,[55,[2,0,0,0,0.520833125],[2,0,0,0,0]],[56,[4,4283190348],[0,512,512]],[57],[58],[59],[60]]],[61,0,687.6489028213166,0,1108344832,137,[4,4278190080]],[16,2,138],[16,0,140],[47,100,100,100,141],[48,0,80,80,80,3,142],[62,2,20,true,143],[64,false,2],[65,true,4,[138,139,140,141,142,143,144]],[66,true,2,0,true,4]],0,[0,0,1,0,0,1,0,-1,5,0,-2,9,0,-3,6,0,-4,10,0,-5,11,0,-6,12,0,-7,13,0,-8,14,0,-9,15,0,-10,16,0,-11,17,0,-12,18,0,-13,19,0,-14,20,0,-15,21,0,-16,22,0,-17,23,0,-18,24,0,-19,25,0,-20,26,0,-21,27,0,-22,28,0,-23,29,0,-24,30,0,-25,31,0,-26,32,0,-27,33,0,-28,34,0,-29,35,0,-30,36,0,-31,37,0,-32,38,0,-33,39,0,-34,40,0,-35,41,0,-36,42,0,-37,43,0,-38,44,0,-39,45,0,-40,46,0,-41,47,0,-42,48,0,-43,49,0,-44,50,0,-45,51,0,-46,52,0,-47,53,0,-48,54,0,-49,55,0,-50,56,0,-51,57,0,-52,58,0,-53,59,0,-54,60,0,-55,61,0,-56,62,0,-57,63,0,-58,64,0,-59,65,0,-60,66,0,-61,67,0,-62,68,0,-63,69,0,-64,70,0,-65,71,0,-66,72,0,-67,73,0,-68,74,0,-69,75,0,-70,76,0,-71,77,0,-72,78,0,-73,79,0,-74,80,0,-75,81,0,-76,82,0,-77,83,0,-78,84,0,-79,85,0,-80,7,0,-81,86,0,-82,87,0,-83,88,0,-84,89,0,-85,90,0,-86,91,0,-87,92,0,-88,93,0,-89,94,0,-90,95,0,-91,96,0,-92,97,0,-93,98,0,-94,99,0,-95,100,0,-96,101,0,-97,102,0,-98,103,0,-99,104,0,-100,105,0,-101,106,0,-102,107,0,-103,108,0,-104,109,0,-105,110,0,-106,111,0,-107,112,0,-108,113,0,-109,114,0,-110,115,0,-111,116,0,-112,117,0,-113,118,0,-114,119,0,-115,120,0,-116,121,0,-117,122,0,-118,8,0,-119,123,0,-120,124,0,-121,125,0,-122,126,0,-123,127,0,-124,128,0,-125,129,0,-126,130,0,-127,131,0,-128,132,0,-129,133,0,-130,4,0,0,2,0,4,152,0,5,150,0,6,151,0,7,149,0,8,148,0,10,153,0,0,2,0,-3,153,0,-1,138,0,-2,139,0,-3,140,0,-4,141,0,-5,142,0,-6,143,0,0,3,0,11,147,0,0,3,0,0,3,0,-1,134,0,-2,135,0,-3,136,0,-5,145,0,-6,137,0,0,4,0,0,4,0,12,155,0,13,154,0,0,4,0,-4,154,0,-5,155,0,0,4,0,-1,144,0,0,5,0,0,5,0,0,5,0,14,137,0,0,5,0,0,6,0,0,6,0,0,6,0,0,6,0,0,7,0,0,7,0,0,7,0,0,7,0,0,8,0,0,8,0,0,8,0,0,8,0,0,9,0,0,9,0,0,9,0,0,10,0,0,10,0,0,10,0,0,11,0,0,11,0,0,11,0,0,12,0,0,12,0,0,12,0,0,13,0,0,13,0,0,13,0,0,14,0,0,14,0,0,14,0,0,15,0,0,15,0,0,15,0,0,16,0,0,16,0,0,16,0,0,17,0,0,17,0,0,17,0,0,18,0,0,18,0,0,18,0,0,19,0,0,19,0,0,19,0,0,20,0,0,20,0,0,20,0,0,21,0,0,21,0,0,21,0,0,22,0,0,22,0,0,22,0,0,23,0,0,23,0,0,23,0,0,24,0,0,24,0,0,24,0,0,25,0,0,25,0,0,25,0,0,26,0,0,26,0,0,26,0,0,27,0,0,27,0,0,27,0,0,28,0,0,28,0,0,28,0,0,29,0,0,29,0,0,29,0,0,30,0,0,30,0,0,30,0,0,31,0,0,31,0,0,31,0,0,32,0,0,32,0,0,32,0,0,33,0,0,33,0,0,33,0,0,34,0,0,34,0,0,34,0,0,35,0,0,35,0,0,35,0,0,36,0,0,36,0,0,36,0,0,37,0,0,37,0,0,37,0,0,38,0,0,38,0,0,38,0,0,39,0,0,39,0,0,39,0,0,40,0,0,40,0,0,40,0,0,41,0,0,41,0,0,41,0,0,42,0,0,42,0,0,42,0,0,43,0,0,43,0,0,43,0,0,44,0,0,44,0,0,44,0,0,45,0,0,45,0,0,45,0,0,46,0,0,46,0,0,46,0,0,47,0,0,47,0,0,47,0,0,48,0,0,48,0,0,48,0,0,49,0,0,49,0,0,49,0,0,50,0,0,50,0,0,50,0,0,51,0,0,51,0,0,51,0,0,52,0,0,52,0,0,52,0,0,53,0,0,53,0,0,53,0,0,54,0,0,54,0,0,54,0,0,55,0,0,55,0,0,55,0,0,56,0,0,56,0,0,56,0,0,57,0,0,57,0,0,57,0,0,58,0,0,58,0,0,58,0,0,59,0,0,59,0,0,59,0,0,60,0,0,60,0,0,60,0,0,61,0,0,61,0,0,61,0,0,62,0,0,62,0,0,62,0,0,63,0,0,63,0,0,63,0,0,64,0,0,64,0,0,64,0,0,65,0,0,65,0,0,65,0,0,66,0,0,66,0,0,66,0,0,67,0,0,67,0,0,67,0,0,68,0,0,68,0,0,68,0,0,69,0,0,69,0,0,69,0,0,70,0,0,70,0,0,70,0,0,71,0,0,71,0,0,71,0,0,72,0,0,72,0,0,72,0,0,73,0,0,73,0,0,73,0,0,74,0,0,74,0,0,74,0,0,75,0,0,75,0,0,75,0,0,76,0,0,76,0,0,76,0,0,77,0,0,77,0,0,77,0,0,78,0,0,78,0,0,78,0,0,79,0,0,79,0,0,79,0,0,80,0,0,80,0,0,80,0,0,81,0,0,81,0,0,81,0,0,82,0,0,82,0,0,82,0,0,83,0,0,83,0,0,83,0,0,84,0,0,84,0,0,84,0,0,85,0,0,85,0,0,85,0,0,86,0,0,86,0,0,86,0,0,87,0,0,87,0,0,87,0,0,88,0,0,88,0,0,88,0,0,89,0,0,89,0,0,89,0,0,90,0,0,90,0,0,90,0,0,91,0,0,91,0,0,91,0,0,92,0,0,92,0,0,92,0,0,93,0,0,93,0,0,93,0,0,94,0,0,94,0,0,94,0,0,95,0,0,95,0,0,95,0,0,96,0,0,96,0,0,96,0,0,97,0,0,97,0,0,97,0,0,98,0,0,98,0,0,98,0,0,99,0,0,99,0,0,99,0,0,100,0,0,100,0,0,100,0,0,101,0,0,101,0,0,101,0,0,102,0,0,102,0,0,102,0,0,103,0,0,103,0,0,103,0,0,104,0,0,104,0,0,104,0,0,105,0,0,105,0,0,105,0,0,106,0,0,106,0,0,106,0,0,107,0,0,107,0,0,107,0,0,108,0,0,108,0,0,108,0,0,109,0,0,109,0,0,109,0,0,110,0,0,110,0,0,110,0,0,111,0,0,111,0,0,111,0,0,112,0,0,112,0,0,112,0,0,113,0,0,113,0,0,113,0,0,114,0,0,114,0,0,114,0,0,115,0,0,115,0,0,115,0,0,116,0,0,116,0,0,116,0,0,117,0,0,117,0,0,117,0,0,118,0,0,118,0,0,118,0,0,119,0,0,119,0,0,119,0,0,120,0,0,120,0,0,120,0,0,121,0,0,121,0,0,121,0,0,122,0,0,122,0,0,122,0,0,123,0,0,123,0,0,123,0,0,124,0,0,124,0,0,124,0,0,125,0,0,125,0,0,125,0,0,126,0,0,126,0,0,126,0,0,127,0,0,127,0,0,127,0,0,128,0,0,128,0,0,128,0,0,129,0,0,129,0,0,129,0,0,130,0,0,130,0,0,130,0,0,131,0,0,131,0,0,131,0,0,132,0,0,132,0,0,132,0,0,133,0,0,133,0,0,133,0,0,134,0,0,134,0,0,135,0,0,135,0,0,136,0,0,136,0,-1,147,0,0,138,0,-2,148,0,0,139,0,0,139,0,0,140,0,-2,149,0,0,141,0,-2,150,0,0,142,0,-2,151,0,0,143,0,-2,152,0,0,144,0,0,144,0,0,145,0,0,145,0,15,146,1,3,3,2,3,3,3,3,146,580],[0,0,0,0,0,0,0,0,0,0,0,0,0,0,0,0,0,0,0,0,0,0,0,0,0,0,0,0,0,0,0,0,0,0,0,0,0,0,0,0,0,0,0,0,0,0,0,0,0,0,0,0,0,0,0,0,0,0,0,0,0,0,0,0,0,0,0,0,0,0,0,0,0,0,0,0,0,0,0,0,0,0,0,0,0,0,0,0,0,0,0,0,0,0,0,0,0,0,0,0,0,0,0,0,0,0,0,0,0,0,0,0,0,0,0,0,0,0,0,0,0,0,0,0,0,0,0,0,0,0,0,0,0,0,0,0,0,0,0,0,0,0,0,0,0,154],[1,1,1,1,16,1,1,1,17,9,18,1,1,1,1,1,1,1,1,1,1,1,1,1,1,1,1,1,1,1,1,1,1,1,1,1,1,1,1,1,1,1,1,1,1,1,1,1,1,1,1,1,1,1,1,1,1,1,1,1,1,1,1,1,1,1,1,1,1,1,1,1,1,1,1,1,1,1,1,1,1,1,1,1,1,1,1,1,1,1,1,1,1,1,1,1,1,1,1,1,1,1,1,1,1,1,1,1,1,1,1,1,1,1,1,1,1,1,1,1,1,1,1,1,1,1,1,1,1,1,1,1,1,1,1,1,1,1,-1,-2,-3,-4,-5,-6,-7,19],[2,8,9,10,11,12,13,2,14,3,15,0,1,0,1,1,0,0,1,0,1,1,0,0,1,1,0,1,0,0,0,1,0,1,1,0,0,1,0,1,1,0,1,1,0,1,0,0,1,0,1,1,0,1,1,0,1,0,0,1,1,0,1,0,0,0,0,1,0,1,1,0,0,1,0,1,1,0,1,1,0,1,0,0,1,0,1,1,0,1,1,0,1,0,0,1,1,0,1,0,0,0,0,1,0,1,1,0,0,1,0,1,1,0,1,1,0,1,0,0,1,0,1,1,0,1,1,0,1,0,0,1,1,0,1,0,0,16,17,4,18,19,20,21,22,4]],[[{"name":"classroomThings5","rect":{"x":109,"y":118,"width":65,"height":65},"offset":{"x":13.5,"y":-22.5},"originalSize":{"width":256,"height":256},"rotated":false,"capInsets":[0,0,0,0],"vertices":{"rawPosition":[-32.5,-32.5,0,32.5,-32.5,0,-32.5,32.5,0,32.5,32.5,0],"indexes":[0,1,2,2,1,3],"uv":[109,138,174,138,109,73,174,73],"nuv":[0.42578125,0.28515625,0.6796875,0.28515625,0.42578125,0.5390625,0.6796875,0.5390625],"minPos":{"x":-32.5,"y":-32.5,"z":0},"maxPos":{"x":32.5,"y":32.5,"z":0}},"packable":true,"pixelsToUnit":100,"pivot":{"x":0.5,"y":0.5},"meshType":0}],[1],0,[0],[2],[23]],[[{"name":"deskAndChair2","rect":{"x":59,"y":79,"width":17,"height":21},"offset":{"x":3.5,"y":-25.5},"originalSize":{"width":128,"height":128},"rotated":false,"capInsets":[0,0,0,0],"vertices":{"rawPosition":[-8.5,-10.5,0,8.5,-10.5,0,-8.5,10.5,0,8.5,10.5,0],"indexes":[0,1,2,2,1,3],"uv":[59,49,76,49,59,28,76,28],"nuv":[0.4609375,0.21875,0.59375,0.21875,0.4609375,0.3828125,0.59375,0.3828125],"minPos":{"x":-8.5,"y":-10.5,"z":0},"maxPos":{"x":8.5,"y":10.5,"z":0}},"packable":true,"pixelsToUnit":100,"pivot":{"x":0.5,"y":0.5},"meshType":0}],[1],0,[0],[2],[24]],[[{"name":"classroomThings3","rect":{"x":192,"y":291,"width":140,"height":51},"offset":{"x":6,"y":-60.5},"originalSize":{"width":512,"height":512},"rotated":false,"capInsets":[0,0,0,0],"vertices":{"rawPosition":[-70,-25.5,0,70,-25.5,0,-70,25.5,0,70,25.5,0],"indexes":[0,1,2,2,1,3],"uv":[192,221,332,221,192,170,332,170],"nuv":[0.375,0.33203125,0.6484375,0.33203125,0.375,0.431640625,0.6484375,0.431640625],"minPos":{"x":-70,"y":-25.5,"z":0},"maxPos":{"x":70,"y":25.5,"z":0}},"packable":true,"pixelsToUnit":100,"pivot":{"x":0.5,"y":0.5},"meshType":0}],[1],0,[0],[2],[25]],[[[67,"CheckMezi"],[23,"CheckMezi",33554432,[-9,-10,-11,-12,-13,-14],[[15,-2,[5,"5emMHCdUpINbHlYCoq+5yT"]],[33,true,-8,[5,"89TGB58nVGUp0E4yGVgjUh"],-7,-6,-5,-4,-3,1]],[53,"08dUBJO8hLj7SviY1d8MT2",null,null,[],-1,0]],[24,"SpriteSplash",33554432,1,[[13,-15,[5,"4e8MygkJFE1qWt9Q4TO+Es"],[5,1259.042,276.884]],[39,0,-16,[5,"20q28SS8hAqZXdgizFzTJq"],[4,2876733303],0]],[8,"66GABbCbFOE6NHfDlV71eo",null,null,null,1,0],[1,0,-186.405,0]],[28,"bg",33554432,1,[[[13,-17,[5,"84XPgccMtKw6IstOBdZy9V"],[5,1366,768]],-18],4,1],[8,"370SnkRVVPmIihhfQoexu3",null,null,null,1,0]],[12,"立绘",33554432,1,[[[13,-19,[5,"b1+6L4RXVFMqhhby1fiz9s"],[5,183.27800000000005,218.656]],-20],4,1],[8,"322p7dpEdC1YPSa6RC0f3J",null,null,null,1,0],[1,561.035,-47.91300000000007,0]],[12,"name",33554432,1,[[[13,-21,[5,"8eCAbEnU1LUa3JcnN5Hbmf"],[5,126.77,75.6]],-22],4,1],[8,"e2KxhGkMhFEYH/6sSxeq2a",null,null,null,1,0],[1,-511.377,-91.863,0]],[12,"text",33554432,1,[[[30,-23,[5,"5fBf5Veb1DxLfLOFerL9Sp"],[5,1145.961578125,75.6],[0,0.5,1]],-24],4,1],[8,"55RMxI9vJAbLvQzgg00CKG",null,null,null,1,0],[1,0,-133.606,0]],[12,"Layout",33554432,1,[[[15,-25,[5,"beVNA1Mw5GtqOTXCESxw1h"]],-26],4,1],[8,"05Xe9qnuJMR580szgkCoIT",null,null,null,1,0],[1,0,189.675,0]],[17,0,3,[5,"58Z1sjjatMpITZuH2eulPT"]],[17,0,4,[5,"79BgN9x5lNO5nGz/7xjLUM"]],[49,60,60,60,5,[5,"9730yT3ZhGUb10r0EfN5zK"]],[50,0,0,60,60,60,3,6,[5,"08Yd8cK1NCqruqqkruEKBI"]],[63,2,20,true,7,[5,"c1D8N/RM5E9Yn7/iiEqPbC"]]],0,[0,20,1,0,0,1,0,4,12,0,5,10,0,6,11,0,7,9,0,8,8,0,0,1,0,-1,2,0,-2,3,0,-3,4,0,-4,5,0,-5,6,0,-6,7,0,0,2,0,0,2,0,0,3,0,-2,8,0,0,4,0,-2,9,0,0,5,0,-2,10,0,0,6,0,-2,11,0,0,7,0,-2,12,0,21,1,26],[0,0],[1,9],[2,3]],[[{"name":"classroomThings4","rect":{"x":60,"y":65,"width":53,"height":69},"offset":{"x":-41.5,"y":28.5},"originalSize":{"width":256,"height":256},"rotated":false,"capInsets":[0,0,0,0],"vertices":{"rawPosition":[-26.5,-34.5,0,26.5,-34.5,0,-26.5,34.5,0,26.5,34.5,0],"indexes":[0,1,2,2,1,3],"uv":[60,191,113,191,60,122,113,122],"nuv":[0.234375,0.4765625,0.44140625,0.4765625,0.234375,0.74609375,0.44140625,0.74609375],"minPos":{"x":-26.5,"y":-34.5,"z":0},"maxPos":{"x":26.5,"y":34.5,"z":0}},"packable":true,"pixelsToUnit":100,"pivot":{"x":0.5,"y":0.5},"meshType":0}],[1],0,[0],[2],[26]]]]
