[1,["20g1ukYUVPvKWKBRznAKo+@f9941","54TknWPwVPqJqeCR+Y/Czo@f9941","95EkngnxZFbYuFpsqVTaFr@f9941","11vcSwZKhOt6Knn7niM+l3@f9941","bdG8q6vX1KcbFDmXyII4Pk@f9941","15jn5SMiBM15aUcT4OboJ4@f9941","11vcSwZKhOt6Knn7niM+l3@6c48a","15jn5SMiBM15aUcT4OboJ4@6c48a","20g1ukYUVPvKWKBRznAKo+@6c48a","d0MqyYBeFAkIi762QNy1/B@b47c0","6fAc9/gb9Kfr1dCvwZaWSA@b47c0","54TknWPwVPqJqeCR+Y/Czo@6c48a","95EkngnxZFbYuFpsqVTaFr@6c48a","bdG8q6vX1KcbFDmXyII4Pk@6c48a"],["node","_spriteFrame","_normalSprite","_target","_hoverSprite","_pressedSprite","_disabledSprite","target","_textureSource","_parent","_cameraComponent","editBox","isFullScreen","isAutoSave","scene","_envmapHDR","_envmapLDR","_backgroundImage"],["cc.ImageAsset","cc.SpriteFrame",["cc.Node",["_name","_layer","_id","_components","_children","_lpos","_parent"],0,9,2,5,1],["cc.Node",["_name","_layer","_active","_components","_lpos","_parent","_children"],0,12,5,1,2],["cc.Label",["_string","_actualFontSize","_fontSize","_overflow","_enableWrapText","_horizontalAlign","node","_color"],-3,1,5],["cc.UITransform",["node","_contentSize","_anchorPoint"],3,1,5,5],["cc.Layout",["_layoutType","_isAlign","node"],1,1],["cc.Sprite",["_sizeMode","_type","node","_spriteFrame"],1,1,6],"cc.TextureCube",["cc.Button",["_transition","node","_normalColor","_target","_normalSprite","_hoverSprite","_pressedSprite","_disabledSprite","clickEvents"],2,1,5,1,6,6,6,6,9],["cc.SceneAsset",["_name"],2],["cc.Node",["_name","_parent","_components","_lpos"],2,1,2,5],["cc.Canvas",["node","_cameraComponent"],3,1,1],["cc.Widget",["_alignFlags","_left","_right","_originalWidth","_originalHeight","node"],-2,1],["cc.ClickEvent",["_componentId","handler","target"],1,1],["c097dn3DYdGxZxLczrsUfBQ",["KeyName","node"],2,1],["bd00dcj+4xP44YTiLhEvzYn",["node"],3,1],["5f04fc76QVNp4HgjhW/fxgK",["node"],3,1],["c5a8c2oaqBAs6yPdhmnLcdg",["node"],3,1],["3f471uFtmVNdryVVM16U/H9",["node","editBox"],3,1,1],["8e20bywQ7REj6XZhSmF1TSw",["node","isFullScreen"],3,1,1],["dfc057xDjVA16yqaK44Z/So",["node","isAutoSave"],3,1,1],["cc.Scene",["_name","_children","_globals"],2,2,4],["cc.SceneGlobals",["ambient","shadows","_skybox","fog","octree","lightProbeInfo"],3,4,4,4,4,4,4],["cc.AmbientInfo",["_skyIllumLDR","_skyColorHDR","_skyColorLDR","_groundAlbedoLDR"],2,5,5,5],["cc.ShadowsInfo",["_shadowColor"],3,5],["cc.SkyboxInfo",["_envmapHDR","_envmapLDR"],3,6,6],["cc.FogInfo",[],3],["cc.OctreeInfo",[],3],["cc.LightProbeInfo",[],3],["cc.Camera",["_projection","_priority","_orthoHeight","_far","_clearFlags","_visibility","node","_color"],-3,1,5],["cc.EditBox",["_inputMode","_maxLength","node","editingDidEnded","_textLabel","_placeholderLabel"],1,1,9,1,1],["cc.Toggle",["node","clickEvents","_normalColor","_target","_checkMark"],3,1,9,5,1,1]],[[5,0,1,1],[2,0,1,6,4,3,5,3],[7,1,0,2,3,3],[14,0,1,2,3],[4,0,1,2,3,4,6,7,6],[9,0,1,8,2,3,4,5,6,7,2],[2,0,1,6,3,3],[4,0,1,2,6,4],[2,0,1,6,3,5,3],[15,0,1,2],[2,0,1,6,4,3,3],[5,0,1],[9,0,1,2,3,4,5,6,7,2],[2,0,1,4,3,5,3],[3,0,1,6,3,4,3],[3,0,1,5,3,3],[5,0,1,2,1],[7,2,3,1],[7,0,2,2],[32,0,1,2,3,4,1],[10,0,2],[2,0,1,2,4,3,5,4],[3,0,1,6,3,3],[3,0,2,1,5,3,4,4],[3,0,1,5,3,4,3],[11,0,1,2,3,2],[6,0,1,2,3],[6,2,1],[6,0,2,2],[12,0,1,1],[13,0,1,2,3,4,5,6],[16,0,1],[17,0,1],[18,0,1],[19,0,1,1],[20,0,1,1],[21,0,1,1],[4,0,5,1,2,3,4,6,7],[4,0,5,1,2,3,4,6,7,7],[22,0,1,2,2],[23,0,1,2,3,4,5,1],[24,0,1,2,3,2],[25,0,1],[26,0,1,1],[27,1],[28,1],[29,1],[30,0,1,2,3,4,5,6,7,7],[31,0,1,2,3,4,5,3]],[[[{"name":"default_toggle_normal","rect":{"x":0,"y":0,"width":28,"height":28},"offset":{"x":0,"y":0},"originalSize":{"width":28,"height":28},"rotated":false,"capInsets":[0,0,0,0],"vertices":{"rawPosition":[-14,-14,0,14,-14,0,-14,14,0,14,14,0],"indexes":[0,1,2,2,1,3],"uv":[0,28,28,28,0,0,28,0],"nuv":[0,0,1,0,0,1,1,1],"minPos":{"x":-14,"y":-14,"z":0},"maxPos":{"x":14,"y":14,"z":0}},"packable":true,"pixelsToUnit":100,"pivot":{"x":0.5,"y":0.5},"meshType":0}],[1],0,[0],[8],[6]],[[{"name":"default_toggle_checkmark","rect":{"x":4,"y":5,"width":20,"height":18},"offset":{"x":0,"y":0},"originalSize":{"width":28,"height":28},"rotated":false,"capInsets":[0,0,0,0],"vertices":{"rawPosition":[-10,-9,0,10,-9,0,-10,9,0,10,9,0],"indexes":[0,1,2,2,1,3],"uv":[4,23,24,23,4,5,24,5],"nuv":[0.14285714285714285,0.17857142857142858,0.8571428571428571,0.17857142857142858,0.14285714285714285,0.8214285714285714,0.8571428571428571,0.8214285714285714],"minPos":{"x":-10,"y":-9,"z":0},"maxPos":{"x":10,"y":9,"z":0}},"packable":true,"pixelsToUnit":100,"pivot":{"x":0.5,"y":0.5},"meshType":0}],[1],0,[0],[8],[7]],[[{"name":"default_btn_normal","rect":{"x":0,"y":0,"width":40,"height":40},"offset":{"x":0,"y":0},"originalSize":{"width":40,"height":40},"rotated":false,"capInsets":[12,12,12,12],"vertices":{"rawPosition":[-20,-20,0,20,-20,0,-20,20,0,20,20,0],"indexes":[0,1,2,2,1,3],"uv":[0,40,40,40,0,0,40,0],"nuv":[0,0,1,0,0,1,1,1],"minPos":{"x":-20,"y":-20,"z":0},"maxPos":{"x":20,"y":20,"z":0}},"packable":true,"pixelsToUnit":100,"pivot":{"x":0.5,"y":0.5},"meshType":0}],[1],0,[0],[8],[8]],[[[20,"setting"],[13,"Layout",33554432,[-3,-4,-5,-6,-7,-8,-9,-10,-11],[[11,-1],[26,2,true,-2]],[1,0,-91.739,0]],[21,"Canvas",33554432,"9cggIJWI9DtKp3Dp4oDC7j",[-16,-17,-18,-19,-20,-21,-22],[[0,-12,[5,1920,1080]],[29,-14,-13],[30,45,-1.1368683772161603e-13,-1.1368683772161603e-13,1920,1080,-15]],[1,959.9999999999999,540,0]],[1,"Button",33554432,1,[-29,-30],[[0,-23,[5,100,40]],[2,1,0,-24,10],[5,2,-27,[[3,"c097dn3DYdGxZxLczrsUfBQ","gaijianwei",-26]],[4,4292269782],-25,11,12,13,14],[9,"left",-28]],[1,0,30,0]],[1,"Button-001",33554432,1,[-37,-38],[[0,-31,[5,100,40]],[2,1,0,-32,15],[5,2,-35,[[3,"c097dn3DYdGxZxLczrsUfBQ","gaijianwei",-34]],[4,4292269782],-33,16,17,18,19],[9,"right",-36]],[1,0,-10,0]],[1,"Button-002",33554432,1,[-45,-46],[[0,-39,[5,100,40]],[2,1,0,-40,20],[5,2,-43,[[3,"c097dn3DYdGxZxLczrsUfBQ","gaijianwei",-42]],[4,4292269782],-41,21,22,23,24],[9,"up",-44]],[1,0,-50,0]],[1,"Button-003",33554432,1,[-53,-54],[[0,-47,[5,100,40]],[2,1,0,-48,25],[5,2,-51,[[3,"c097dn3DYdGxZxLczrsUfBQ","gaijianwei",-50]],[4,4292269782],-49,26,27,28,29],[9,"down",-52]],[1,0,-90,0]],[1,"Button-004",33554432,1,[-61,-62],[[0,-55,[5,100,40]],[2,1,0,-56,30],[5,2,-59,[[3,"c097dn3DYdGxZxLczrsUfBQ","gaijianwei",-58]],[4,4292269782],-57,31,32,33,34],[9,"interaction",-60]],[1,0,-130,0]],[1,"Button-005",33554432,1,[-69,-70],[[0,-63,[5,100,40]],[2,1,0,-64,35],[5,2,-67,[[3,"c097dn3DYdGxZxLczrsUfBQ","gaijianwei",-66]],[4,4292269782],-65,36,37,38,39],[9,"esc",-68]],[1,0,-170,0]],[1,"Button-006",33554432,1,[-77,-78],[[0,-71,[5,100,40]],[2,1,0,-72,40],[5,2,-75,[[3,"c097dn3DYdGxZxLczrsUfBQ","gaijianwei",-74]],[4,4292269782],-73,41,42,43,44],[9,"next",-76]],[1,0,-210,0]],[1,"Button-007",33554432,1,[-85,-86],[[0,-79,[5,100,40]],[2,1,0,-80,45],[5,2,-83,[[3,"c097dn3DYdGxZxLczrsUfBQ","gaijianwei",-82]],[4,4292269782],-81,46,47,48,49],[9,"save",-84]],[1,0,-250,0]],[1,"Button-008",33554432,1,[-93,-94],[[0,-87,[5,100,40]],[2,1,0,-88,50],[5,2,-91,[[3,"c097dn3DYdGxZxLczrsUfBQ","gaijianwei",-90]],[4,4292269782],-89,51,52,53,54],[9,"inventory",-92]],[1,0,-290,0]],[1,"返回",33554432,2,[-101],[[0,-95,[5,100,40]],[2,1,0,-96,0],[5,2,-99,[[3,"bd00dcj+4xP44YTiLhEvzYn","back",-98]],[4,4292269782],-97,1,2,3,4],[31,-100]],[1,-86.13,-340,0]],[1,"reset",33554432,2,[-108],[[0,-102,[5,100,40]],[2,1,0,-103,5],[5,2,-106,[[3,"5f04fc76QVNp4HgjhW/fxgK","reset",-105]],[4,4292269782],-104,6,7,8,9],[32,-107]],[1,193.342,-340,0]],[1,"backToMenu",33554432,2,[-115],[[0,-109,[5,100,40]],[2,1,0,-110,60],[5,2,-113,[[3,"c5a8c2oaqBAs6yPdhmnLcdg","backToMenu",-112]],[4,4292269782],-111,61,62,63,64],[33,-114]],[1,-228.401,-340.014,0]],[22,"EditBox",33554432,[-121,-122],[[[0,-116,[5,160,40]],[2,1,0,-117,65],-118,[34,-120,-119]],4,4,1,4]],[14,"Toggle",33554432,[-128],[[[0,-123,[5,28,28]],[17,-124,66],-125,[35,-127,-126]],4,4,1,4],[1,60.592,0,0]],[14,"Toggle",33554432,[-134],[[[0,-129,[5,28,28]],[17,-130,72],-131,[36,-133,-132]],4,4,1,4],[1,60.592,0,0]],[1,"操作说明",33554432,2,[-139],[[0,-135,[5,100,40]],[2,1,0,-136,55],[12,2,-138,[4,4292269782],-137,56,57,58,59]],[1,0,330,0]],[1,"视频设置",33554432,2,[-144],[[0,-140,[5,100,40]],[2,1,0,-141,67],[12,2,-143,[4,4292269782],-142,68,69,70,71]],[1,243,330,0]],[1,"游戏设置",33554432,2,[-149],[[0,-145,[5,100,40]],[2,1,0,-146,73],[12,2,-148,[4,4292269782],-147,74,75,76,77]],[1,-397.751,330,0]],[13,"Layout",33554432,[15,-152],[[11,-150],[27,-151]],[1,0,-58.722,0]],[10,"Label",33554432,18,[1],[[0,-153,[5,100,40]],[4,"操作设置",20,20,1,false,-154,[4,4278190080]]]],[10,"Label",33554432,19,[21],[[0,-155,[5,100,40]],[4,"视频设置",20,20,1,false,-156,[4,4278190080]]]],[1,"FullScreen",33554432,21,[16],[[0,-157,[5,40,50.4]],[7,"全屏",20,20,-158]],[1,-57.707,-46.165,0]],[10,"Label",33554432,20,[-161],[[0,-159,[5,100,40]],[4,"游戏设置",20,20,1,false,-160,[4,4278190080]]]],[1,"Layout",33554432,25,[-164],[[11,-162],[28,2,-163]],[1,0,-82.138,0]],[1,"autoSave",33554432,26,[17],[[0,-165,[5,80,50.4]],[7,"自动存档",20,20,-166]],[1,-27.674,24.8,0]],[6,"Label",33554432,12,[[0,-167,[5,100,40]],[4,"返回",20,20,1,false,-168,[4,4278190080]]]],[8,"Label",33554432,13,[[0,-169,[5,100,40]],[4,"重置",20,20,1,false,-170,[4,4278190080]]],[1,0,1.693,0]],[6,"Label",33554432,3,[[0,-171,[5,100,40]],[4,"button",20,20,2,false,-172,[4,4278190080]]]],[8,"name",33554432,3,[[0,-173,[5,80,50.4]],[7,"向左移动",20,20,-174]],[1,-93.088,0,0]],[6,"Label",33554432,4,[[0,-175,[5,100,40]],[4,"button",20,20,2,false,-176,[4,4278190080]]]],[8,"name",33554432,4,[[0,-177,[5,80,50.4]],[7,"向右移动",20,20,-178]],[1,-93.088,0,0]],[6,"Label",33554432,5,[[0,-179,[5,100,40]],[4,"button",20,20,2,false,-180,[4,4278190080]]]],[8,"name",33554432,5,[[0,-181,[5,80,50.4]],[7,"向上移动",20,20,-182]],[1,-93.088,0,0]],[6,"Label",33554432,6,[[0,-183,[5,100,40]],[4,"button",20,20,2,false,-184,[4,4278190080]]]],[8,"name",33554432,6,[[0,-185,[5,80,50.4]],[7,"向下移动",20,20,-186]],[1,-93.088,0,0]],[6,"Label",33554432,7,[[0,-187,[5,100,40]],[4,"button",20,20,2,false,-188,[4,4278190080]]]],[8,"name",33554432,7,[[0,-189,[5,85.56,50.4]],[7,"交互/站起",20,20,-190]],[1,-97.088,0,0]],[6,"Label",33554432,8,[[0,-191,[5,100,40]],[4,"button",20,20,2,false,-192,[4,4278190080]]]],[8,"name",33554432,8,[[0,-193,[5,40,50.4]],[7,"设置",20,20,-194]],[1,-93.088,0,0]],[6,"Label",33554432,9,[[0,-195,[5,100,40]],[4,"button",20,20,2,false,-196,[4,4278190080]]]],[8,"name",33554432,9,[[0,-197,[5,165.56,50.4]],[7,"继续对话/长按跳过",20,20,-198]],[1,-137.3019999999999,0,0]],[6,"Label",33554432,10,[[0,-199,[5,100,40]],[4,"button",20,20,2,false,-200,[4,4278190080]]]],[8,"name",33554432,10,[[0,-201,[5,40,50.4]],[7,"存档",20,20,-202]],[1,-93.088,0,0]],[6,"Label",33554432,11,[[0,-203,[5,100,40]],[4,"button",20,20,2,false,-204,[4,4278190080]]]],[8,"name",33554432,11,[[0,-205,[5,80,50.4]],[7,"打开背包",20,20,-206]],[1,-93.088,0,0]],[6,"Label",33554432,14,[[0,-207,[5,100,40]],[4,"回到主菜单",20,20,1,false,-208,[4,4278190080]]]],[23,"TEXT_LABEL",false,33554432,15,[[[16,-209,[5,158,40],[0,0,1]],-210],4,1],[1,-78,20,0]],[24,"PLACEHOLDER_LABEL",33554432,15,[[[16,-211,[5,158,40],[0,0,1]],-212],4,1],[1,-78,20,0]],[15,"Checkmark",33554432,16,[[[0,-213,[5,26,26]],-214],4,1]],[15,"Checkmark",33554432,17,[[[0,-215,[5,26,26]],-216],4,1]],[39,"setting",[2],[40,[41,0.8,[2,0.2,0.5,0.8,0.520833125],[2,0.452588,0.607642,0.755699,0.8],[2,0.618555,0.577848,0.544564,0]],[42,[4,4283190348]],[43,78,79],[44],[45],[46]]],[25,"Camera",2,[-217],[1,0,0,1000]],[47,0,1073741824,687.6489028213166,2000,6,41943040,54,[4,4278190080]],[37,"",0,40,20,1,false,49],[38,"最高帧数",0,20,20,1,false,50,[4,4290493371]],[48,6,3,15,[[3,"3f471uFtmVNdryVVM16U/H9","checkNum",15]],56,57],[18,0,51],[19,16,[[3,"8e20bywQ7REj6XZhSmF1TSw","press",16]],[4,4292269782],16,59],[18,0,52],[19,17,[[3,"dfc057xDjVA16yqaK44Z/So","press",17]],[4,4292269782],17,61]],0,[0,0,1,0,0,1,0,-1,3,0,-2,4,0,-3,5,0,-4,6,0,-5,7,0,-6,8,0,-7,9,0,-8,10,0,-9,11,0,0,2,0,10,55,0,0,2,0,0,2,0,-1,54,0,-2,12,0,-3,13,0,-4,18,0,-5,14,0,-6,19,0,-7,20,0,0,3,0,0,3,0,3,3,0,7,3,0,0,3,0,0,3,0,-1,30,0,-2,31,0,0,4,0,0,4,0,3,4,0,7,4,0,0,4,0,0,4,0,-1,32,0,-2,33,0,0,5,0,0,5,0,3,5,0,7,5,0,0,5,0,0,5,0,-1,34,0,-2,35,0,0,6,0,0,6,0,3,6,0,7,6,0,0,6,0,0,6,0,-1,36,0,-2,37,0,0,7,0,0,7,0,3,7,0,7,7,0,0,7,0,0,7,0,-1,38,0,-2,39,0,0,8,0,0,8,0,3,8,0,7,8,0,0,8,0,0,8,0,-1,40,0,-2,41,0,0,9,0,0,9,0,3,9,0,7,9,0,0,9,0,0,9,0,-1,42,0,-2,43,0,0,10,0,0,10,0,3,10,0,7,10,0,0,10,0,0,10,0,-1,44,0,-2,45,0,0,11,0,0,11,0,3,11,0,7,11,0,0,11,0,0,11,0,-1,46,0,-2,47,0,0,12,0,0,12,0,3,12,0,7,12,0,0,12,0,0,12,0,-1,28,0,0,13,0,0,13,0,3,13,0,7,13,0,0,13,0,0,13,0,-1,29,0,0,14,0,0,14,0,3,14,0,7,14,0,0,14,0,0,14,0,-1,48,0,0,15,0,0,15,0,-3,58,0,11,58,0,0,15,0,-1,49,0,-2,50,0,0,16,0,0,16,0,-3,60,0,12,60,0,0,16,0,-1,51,0,0,17,0,0,17,0,-3,62,0,13,62,0,0,17,0,-1,52,0,0,18,0,0,18,0,3,18,0,0,18,0,-1,22,0,0,19,0,0,19,0,3,19,0,0,19,0,-1,23,0,0,20,0,0,20,0,3,20,0,0,20,0,-1,25,0,0,21,0,0,21,0,-2,24,0,0,22,0,0,22,0,0,23,0,0,23,0,0,24,0,0,24,0,0,25,0,0,25,0,-1,26,0,0,26,0,0,26,0,-1,27,0,0,27,0,0,27,0,0,28,0,0,28,0,0,29,0,0,29,0,0,30,0,0,30,0,0,31,0,0,31,0,0,32,0,0,32,0,0,33,0,0,33,0,0,34,0,0,34,0,0,35,0,0,35,0,0,36,0,0,36,0,0,37,0,0,37,0,0,38,0,0,38,0,0,39,0,0,39,0,0,40,0,0,40,0,0,41,0,0,41,0,0,42,0,0,42,0,0,43,0,0,43,0,0,44,0,0,44,0,0,45,0,0,45,0,0,46,0,0,46,0,0,47,0,0,47,0,0,48,0,0,48,0,0,49,0,-2,56,0,0,50,0,-2,57,0,0,51,0,-2,59,0,0,52,0,-2,61,0,-1,55,0,14,53,1,9,22,2,9,53,15,9,21,16,9,24,17,9,27,21,9,23,217],[0,0,0,0,0,0,0,0,0,0,0,0,0,0,0,0,0,0,0,0,0,0,0,0,0,0,0,0,0,0,0,0,0,0,0,0,0,0,0,0,0,0,0,0,0,0,0,0,0,0,0,0,0,0,0,0,0,0,0,0,0,0,0,0,0,0,0,0,0,0,0,0,0,0,0,0,0,0,0,0,58,59,60,61,62],[1,2,4,5,6,1,2,4,5,6,1,2,4,5,6,1,2,4,5,6,1,2,4,5,6,1,2,4,5,6,1,2,4,5,6,1,2,4,5,6,1,2,4,5,6,1,2,4,5,6,1,2,4,5,6,1,2,4,5,6,1,2,4,5,6,1,1,1,2,4,5,6,1,1,2,4,5,6,15,16,17,1,2,1,2],[0,0,0,1,2,0,0,0,1,2,0,0,0,1,2,0,0,0,1,2,0,0,0,1,2,0,0,0,1,2,0,0,0,1,2,0,0,0,1,2,0,0,0,1,2,0,0,0,1,2,0,0,0,1,2,0,0,0,1,2,0,0,0,1,2,4,3,0,0,0,1,2,3,0,0,0,1,2,9,10,4,5,3,5,3]],[[{"name":"default_btn_pressed","rect":{"x":0,"y":0,"width":40,"height":40},"offset":{"x":0,"y":0},"originalSize":{"width":40,"height":40},"rotated":false,"capInsets":[12,12,12,12],"vertices":{"rawPosition":[-20,-20,0,20,-20,0,-20,20,0,20,20,0],"indexes":[0,1,2,2,1,3],"uv":[0,40,40,40,0,0,40,0],"nuv":[0,0,1,0,0,1,1,1],"minPos":{"x":-20,"y":-20,"z":0},"maxPos":{"x":20,"y":20,"z":0}},"packable":true,"pixelsToUnit":100,"pivot":{"x":0.5,"y":0.5},"meshType":0}],[1],0,[0],[8],[11]],[[{"base":"2,2,0,0,2,0","rgbe":false,"mipmaps":[{"front":"6fAc9/gb9Kfr1dCvwZaWSA@b47c0@e9a6d","back":"6fAc9/gb9Kfr1dCvwZaWSA@b47c0@40c10","left":"6fAc9/gb9Kfr1dCvwZaWSA@b47c0@8fd34","right":"6fAc9/gb9Kfr1dCvwZaWSA@b47c0@74afd","top":"6fAc9/gb9Kfr1dCvwZaWSA@b47c0@bb97f","bottom":"6fAc9/gb9Kfr1dCvwZaWSA@b47c0@7d38f"}]}],[8],0,[],[],[]],[[{"fmt":"0","w":0,"h":0},-1],[0],0,[],[],[]],[[{"fmt":"0","w":0,"h":0},-1],[0],0,[],[],[]],[[{"fmt":"0","w":0,"h":0},-1],[0],0,[],[],[]],[[{"fmt":"0","w":0,"h":0},-1],[0],0,[],[],[]],[[{"fmt":"0","w":0,"h":0},-1],[0],0,[],[],[]],[[{"fmt":"0","w":0,"h":0},-1],[0],0,[],[],[]],[[{"name":"default_btn_disabled","rect":{"x":0,"y":0,"width":40,"height":40},"offset":{"x":0,"y":0},"originalSize":{"width":40,"height":40},"rotated":false,"capInsets":[12,12,12,12],"vertices":{"rawPosition":[-20,-20,0,20,-20,0,-20,20,0,20,20,0],"indexes":[0,1,2,2,1,3],"uv":[0,40,40,40,0,0,40,0],"nuv":[0,0,1,0,0,1,1,1],"minPos":{"x":-20,"y":-20,"z":0},"maxPos":{"x":20,"y":20,"z":0}},"packable":true,"pixelsToUnit":100,"pivot":{"x":0.5,"y":0.5},"meshType":0}],[1],0,[0],[8],[12]],[[{"name":"default_editbox_bg","rect":{"x":0,"y":0,"width":40,"height":40},"offset":{"x":0,"y":0},"originalSize":{"width":40,"height":40},"rotated":false,"capInsets":[12,12,12,12],"vertices":{"rawPosition":[-20,-20,0,20,-20,0,-20,20,0,20,20,0],"indexes":[0,1,2,2,1,3],"uv":[0,40,40,40,0,0,40,0],"nuv":[0,0,1,0,0,1,1,1],"minPos":{"x":-20,"y":-20,"z":0},"maxPos":{"x":20,"y":20,"z":0}},"packable":true,"pixelsToUnit":100,"pivot":{"x":0.5,"y":0.5},"meshType":0}],[1],0,[0],[8],[13]],[[{"base":"2,2,0,0,2,0","rgbe":true,"mipmaps":[{"front":"d0MqyYBeFAkIi762QNy1/B@b47c0@e9a6d","back":"d0MqyYBeFAkIi762QNy1/B@b47c0@40c10","left":"d0MqyYBeFAkIi762QNy1/B@b47c0@8fd34","right":"d0MqyYBeFAkIi762QNy1/B@b47c0@74afd","top":"d0MqyYBeFAkIi762QNy1/B@b47c0@bb97f","bottom":"d0MqyYBeFAkIi762QNy1/B@b47c0@7d38f"}]}],[8],0,[],[],[]],[[{"fmt":"0","w":0,"h":0},-1],[0],0,[],[],[]],[[{"fmt":"0","w":0,"h":0},-1],[0],0,[],[],[]],[[{"fmt":"0","w":0,"h":0},-1],[0],0,[],[],[]],[[{"fmt":"0","w":0,"h":0},-1],[0],0,[],[],[]],[[{"fmt":"0","w":0,"h":0},-1],[0],0,[],[],[]],[[{"fmt":"0","w":0,"h":0},-1],[0],0,[],[],[]]]]
